EQMM作品評価リスト(78号まで),title,comment,1956,1957,1958,1959,1960,1961,1962
1956,魔の森の家(カーター・ディクスン),9.0:三読目だろうが、これは名作です。伏線の張り方がすごいし、最後のHMのセリフも余韻を残す。クイーンの解説もよい。会話文が『』になっているのは訳者乱歩の指定らしい。どういう意図なのだろう。,EQMM 1956/7 No.1 創刊号(早川書房),早川書房,2018/07/31
1956,パーティーの夜(スタンリイ・エリン),5.0:今ひとつ展開に乏しい。,EQMM 1956/7 No.1 創刊号(早川書房),早川書房,2018/07/31
1956,死者を鞭うつ勿れ(ジョン・コリア),7.0:ちょっとしたひねりが楽しい。,EQMM 1956/7 No.1 創刊号(早川書房),早川書房,2018/07/31
1956,運転席(エラリイ・クイーン),5.5:単なるパズル。,EQMM 1956/7 No.1 創刊号(早川書房),早川書房,2018/07/31
1956,三人目の男(スチュアート・パーマー & クレイグ・ライス),6.5:速い展開は楽しいが、意外性に乏しい。訳が古臭いのは致し方なし。,EQMM 1956/7 No.1 創刊号(早川書房),早川書房,2018/07/31
1956,雇われ探偵(ダシール・ハメット),6.5:不思議な展開が新鮮だったのかもしれぬ,EQMM 1956/7 No.1 創刊号(早川書房),早川書房,2018/07/31
1956,エメラルド(マイケル・イネス),6.5:二つとも模造だったという論理は面白い。,EQMM 1956/7 No.1 創刊号(早川書房),早川書房,2018/07/31
1956,喜歌劇殺人事件(ジェイムズ・ヤッフェ),6.5:本格ぽくていいのだが、謎は今ひとつだ。,EQMM 1956/7 No.1 創刊号(早川書房),早川書房,2018/07/31
1956,ジャラッキ伯爵釣りに行く(Ｔ・Ｓ・ストリブリング),7.0:この続きはどうなるか。,EQMM 1956/7 No.1 創刊号(早川書房),早川書房,2018/07/31
1956,夢みるなかれ(フィリップ・マクドナルド),5.0:長すぎる。結末も今ひとつ。,EQMM 1956/8 No.2(早川書房),早川書房,2018/08/02
1956,おとなしい兇器(ロアルド・ダール),8.5:有名な作品だが、筋書きを知っていても楽しく読める。,EQMM 1956/8 No.2(早川書房),早川書房,2018/08/02
1956,被告(エラリイ・クイーン),6.5:金が見つかるのが少し都合良すぎる。,EQMM 1956/8 No.2(早川書房),早川書房,2018/08/02
1956,お宅のお庭はどうしたの(アガサ・クリスティー),6.0:なんの意外性もない話。,EQMM 1956/8 No.2(早川書房),早川書房,2018/08/02
1956,水中の死体(ルーファス・キング),7.5:話の展開がいい。一枚上手の女がよく描けている。,EQMM 1956/8 No.2(早川書房),早川書房,2018/08/02
1956,ジャラッキ伯爵への手紙(Ｔ・Ｓ・ストリブリング),6.0:悪役が今ひとつレベルが低かった。,EQMM 1956/8 No.2(早川書房),早川書房,2018/08/02
1956,男子専用(ロイ・ヴィカーズ),6.0:前半人物像がはっきりしない。長い割に謎解きも大したことなし。,EQMM 1956/8 No.2(早川書房),早川書房,2018/08/02
1956,暗い旅路(フランシス・アイルズ),6.0:ラストが効いていない。,EQMM 1956/9 No.3(早川書房),早川書房,2018/08/05
1956,ウイリアム・ウィルスン事件(ジョン・ディクスン・カー),7.0:大した話ではないが、結末も楽しい。,EQMM 1956/9 No.3(早川書房),早川書房,2018/08/05
1956,十二の紫水晶(スチュアート・パーマー),6.5:もう少しひねりがほしい。,EQMM 1956/9 No.3(早川書房),早川書房,2018/08/05
1956,賭博クラブ(エラリイ・クイーン),6.0:単なるなぞなぞ。,EQMM 1956/9 No.3(早川書房),早川書房,2018/08/05
1956,ポウ廟の殺人(ネドラ・タイア),6.5:舞台は面白いが、謎は単純すぎる。,EQMM 1956/9 No.3(早川書房),早川書房,2018/08/05
1956,エメラルド色の空(エリック・アンブラー),6.5:主人公の嫌われぶりが面白い。,EQMM 1956/9 No.3(早川書房),早川書房,2018/08/05
1956,悪者は俺に任せろ(ジョン・Ｄ・マクドナルド),5.0:何が言いたいのかわからない。,EQMM 1956/9 No.3(早川書房),早川書房,2018/08/05
1956,後ろを見るな(フレドリック・ブラウン),6.5:趣向はわかるが、今ひとつ面白くない。,EQMM 1956/9 No.3(早川書房),早川書房,2018/08/05
1956,ワグスタフ家の真珠(ミニヨン・エバーハート),7.0:展開がうまい。,EQMM 1956/9 No.3(早川書房),早川書房,2018/08/05
1956,追いつめられて(チャールズ・ディケンズ),6.5:古めかしい展開で、今ひとつラストが生きていない。,EQMM 1956/9 No.3(早川書房),早川書房,2018/08/05
1956,白の研究(ニコラス・ブレイク),7.5:犯人当てのテキストとしてよく出来ている。,EQMM 1956/10 No.4 特集本格中篇探偵小説(早川書房),早川書房,2018/08/09
1956,天外消失(クレイトン・ロースン),9.0:消失トリックだけでなく、犯人の設定も面白い。傑作でしょう。,EQMM 1956/10 No.4 特集本格中篇探偵小説(早川書房),早川書房,2018/08/09
1956,解剖学教程(マイケル・イネス),6.5:スパイは少し場違いの感があるが、設定は面白い。,EQMM 1956/10 No.4 特集本格中篇探偵小説(早川書房),早川書房,2018/08/09
1956,出口はわかっている(ナイオ・マーシュ),5.0:結局誰が犯人だったんだ？,EQMM 1956/10 No.4 特集本格中篇探偵小説(早川書房),早川書房,2018/08/09
1956,あなたのお金を倍に(エラリイ・クイーン),7.0:パズルとしてよく出来ている。,EQMM 1956/10 No.4 特集本格中篇探偵小説(早川書房),早川書房,2018/08/09
1956,決断の時(スタンリイ・エリン),8.5:やはりエリンは面白い。モダン・リドルストーリーである。,EQMM 1956/10 No.4 特集本格中篇探偵小説(早川書房),早川書房,2018/08/09
1956,骨折り損のくたびれもうけ(ロス・マクドナルド),8.0:良くできた構成とちょっとしたひねりで読ませる。,EQMM 1956/10 No.4 特集本格中篇探偵小説(早川書房),早川書房,2018/08/09
1956,100パーセント・プラン(ジェームズ・ヒルトン),7.0:語り口が旨い。ラストは少し陳腐かな。,EQMM 1956/11 No.5(早川書房),早川書房,2018/08/13
1956,黒い小猫(Ａ・Ｈ・Ｚ・カー),6.5:期待していたが、大したできではない。,EQMM 1956/11 No.5(早川書房),早川書房,2018/08/13
1956,味(ロアルド・ダール),7.5:これは結末を知っていたので、楽しめなかった。インチキがバレる部分も弱い。,EQMM 1956/11 No.5(早川書房),早川書房,2018/08/13
1956,一度でたくさん(アンソニー・ギルバート),6.5:予想通りの展開だが、読ませる魅力はある。,EQMM 1956/11 No.5(早川書房),早川書房,2018/08/13
1956,匿された金(エラリイ・クイーン),7.0:これしかないとは思うが、よく考えられている。,EQMM 1956/11 No.5(早川書房),早川書房,2018/08/13
1956,髪ひとすじ(ニコラス・カーター),5.0:予想通り陳腐な出来。,EQMM 1956/11 No.5(早川書房),早川書房,2018/08/13
1956,冷蔵庫の中の赤ん坊(ジェイムズ・Ｍ・ケイン),4.0:どこが面白いのかわからん。,EQMM 1956/11 No.5(早川書房),早川書房,2018/08/13
1956,耳飾り(ウイリアム・アイリッシュ),7.5:ラストは少し予想できるが、面白く読ませる。,EQMM 1956/11 No.5(早川書房),早川書房,2018/08/13
1956,燕京畸譚(ヘレン・マクロイ),8.0:中盤が少し退屈だったが、舞台と相まって良く出来ている。,EQMM 1956/12 No.6 特集アガサ・クリスティー(早川書房),早川書房,2018/08/29
1956,サンタクロースの受持区域(レックス・スタウト),6.0:スタウトには珍しい小品。,EQMM 1956/12 No.6 特集アガサ・クリスティー(早川書房),早川書房,2018/08/29
1956,影の影(マイケル・イネス),6.5:ムードはいいが、解決は拍子抜け。,EQMM 1956/12 No.6 特集アガサ・クリスティー(早川書房),早川書房,2018/08/29
1956,穴のあいた記憶(バリイ・ペロウン),7.5:設定が面白い。ラストも効いている。,EQMM 1956/12 No.6 特集アガサ・クリスティー(早川書房),早川書房,2018/08/29
1956,波止場の殺人(バッド・シュールバーグ),6.0:ラストが陳腐だ。,EQMM 1956/12 No.6 特集アガサ・クリスティー(早川書房),早川書房,2018/08/29
1956,黒い台帳(エラリイ・クイーン),5.0:この隠し方はないだろう。,EQMM 1956/12 No.6 特集アガサ・クリスティー(早川書房),早川書房,2018/08/29
1956,六つの陶器人形(アガサ・クリスティー),4.0:よく展開がわからん。,EQMM 1956/12 No.6 特集アガサ・クリスティー(早川書房),早川書房,2018/08/29
1956,消えた設計図(アガサ・クリスティー),4.0:これもよくわからない。,EQMM 1956/12 No.6 特集アガサ・クリスティー(早川書房),早川書房,2018/08/29
1956,プリマス急行(アガサ・クリスティー),5.5:古臭い。,EQMM 1956/12 No.6 特集アガサ・クリスティー(早川書房),早川書房,2018/08/29
1956,クラブのキングに気をつけろ(アガサ・クリスティー),6.0:それなり。,EQMM 1956/12 No.6 特集アガサ・クリスティー(早川書房),早川書房,2018/08/29
1957,死者もし語るを得ば(コーネル・ウールリッチ),5.0:淡々と展開する平凡な話。なんのサプライズもない。,EQMM 1957/1 No.7(早川書房),早川書房,2018/09/03
1957,六ペンスの歌(アガサ・クリスティー),5.5:ポワロが出ないほうが面白い。でもこの解決はないな。,EQMM 1957/1 No.7(早川書房),早川書房,2018/09/03
1957,ママは祈る(ジェイムズ・ヤッフェ),7.5:伏線もうまく引かれていて、よく考えられている。,EQMM 1957/1 No.7(早川書房),早川書房,2018/09/03
1957,主義の女(ロイ・ヴィカーズ),6.5:女性の怖さがよく書かれている。,EQMM 1957/1 No.7(早川書房),早川書房,2018/09/03
1957,暗殺者クラブ(ニコラス・ブレイク),7.0:犯人の設定が面白い。,EQMM 1957/1 No.7(早川書房),早川書房,2018/09/03
1957,二本のするどいナイフ(ダシール・ハメット),7.5:ハメットは展開が速いので、油断すると筋を追うのが難しい。,EQMM 1957/1 No.7(早川書房),早川書房,2018/09/03
1957,奇蹟を解く男(カーター・ディクスン),8.0:密室トリックはつまらないが、H.Mが出てくるだけで楽しい。嫌味なばあさんを書かせると一級品だ。,EQMM 1957/1 No.7(早川書房),早川書房,2018/09/03
1957,感ちがい(ジョン・ディクスン・カー),7.0:やはりカーのストーリーテリングは旨い。大した話ではないが楽しく読める。,EQMM 1957/2 No.8 特集5つの中篇傑作(早川書房),早川書房,2018/09/09
1957,真昼の犬(レックス・スタウト),6.0:いつも通りのウルフ中編。,EQMM 1957/2 No.8 特集5つの中篇傑作(早川書房),早川書房,2018/09/09
1957,声なき殺人(ミニヨン・Ｇ・エバーハート),7.0:なかなかサスペンスフルで読ませる。,EQMM 1957/2 No.8 特集5つの中篇傑作(早川書房),早川書房,2018/09/09
1957,正義とはなにか(ヒュー・ペンティコースト),8.0:被害者の正体が少し現実的でないが、緊張感のある展開で読ませる。,EQMM 1957/2 No.8 特集5つの中篇傑作(早川書房),早川書房,2018/09/09
1957,殺人数学(コーネル・ウールリッチ),4.0:ウールリッチはつまらない作品も多い。,EQMM 1957/2 No.8 特集5つの中篇傑作(早川書房),早川書房,2018/09/09
1957,告別(ロアルド・ダール),8.0:こういうアイディアがよく浮かぶものだ。,EQMM 1957/3 No.9(早川書房),早川書房,2018/09/13
1957,世界の涯にて(ロード・ダンセイニ),5.0:ちょっとした話というレベル。,EQMM 1957/3 No.9(早川書房),早川書房,2018/09/13
1957,籬をへだてて(シャーロット・アームストロング),8.0:謎は今ひとつだが、構成が面白い。,EQMM 1957/3 No.9(早川書房),早川書房,2018/09/13
1957,スペインの伊達男(スチュアート・パーマー),8.5:中盤の展開から犯人の正体まで、良く出来ている。,EQMM 1957/3 No.9(早川書房),早川書房,2018/09/13
1957,晩餐後の筋書(コーネル・ウールリッチ),7.5:再読だったので筋書きを思い出してしまったが、緊張感のある話である。,EQMM 1957/3 No.9(早川書房),早川書房,2018/09/13
1957,11才の証言(Ｑ・パトリック),8.0:語り口と意外性で読ませる。,EQMM 1957/3 No.9(早川書房),早川書房,2018/09/13
1957,ブレッシントン計画(スタンリイ・エリン),7.5:インパクトのあるプロットだ。,EQMM 1957/3 No.9(早川書房),早川書房,2018/09/13
1957,情熱なき犯罪(ベン・ヘクト),6.0:特にサプライズもないクライムストーリー,EQMM 1957/4 No.10(早川書房),早川書房,2018/09/19
1957,埃だらけの抽斗(ハリイ・ミューヘイム),7.0:少し出来過ぎだが、楽しく読める。,EQMM 1957/4 No.10(早川書房),早川書房,2018/09/19
1957,俺が殺ったんだ(トマス・ウォルシュ),7.5:死刑前の自白設定はありがちだが、ホッとする結末が良い。,EQMM 1957/4 No.10(早川書房),早川書房,2018/09/19
1957,牧歌(ジェイムズ・Ｍ・ケイン),4.0:この殺伐な作家のどこがいいのだろうか。,EQMM 1957/4 No.10(早川書房),早川書房,2018/09/19
1957,自供書売ります(Ｌ・Ｊ・ビーストン),6.5:少し作り過ぎなので、結末が予想できる。,EQMM 1957/4 No.10(早川書房),早川書房,2018/09/19
1957,優しき天使(Ｅ・Ｃ・ベントリー),6.0:謎解きがよくわからない。,EQMM 1957/4 No.10(早川書房),早川書房,2018/09/19
1957,死の舞踏(コーネル・ウールリッチ),7.0:サスペンスフルな展開で読ませる。,EQMM 1957/4 No.10(早川書房),早川書房,2018/09/19
1957,身代金(パール・バック),8.0:期待していなかったが、最後まで一気に読ます筆力がすごい。,EQMM 1957/4 No.10(早川書房),早川書房,2018/09/19
1957,料理女の行方(アガサ・クリスティー),6.0:標準的な作品。,EQMM 1957/5 No.11(早川書房),早川書房,2018/10/10
1957,魔法の帽子(マージェリー・アリンガム),4.0:ゴタゴタしていてつまらない。,EQMM 1957/5 No.11(早川書房),早川書房,2018/10/10
1957,犯罪学講義(Ｇ・Ｄ・Ｈ・コール & Ｍ・Ｉ・コール),4.0:これも何が書きたいのかわからん。,EQMM 1957/5 No.11(早川書房),早川書房,2018/10/10
1957,贋金つくり(レスリー・チャータリス),6.0:ちょっとしたコンゲームと、その裏を書くセイント。,EQMM 1957/5 No.11(早川書房),早川書房,2018/10/10
1957,女の罠(ベン・ベンスン),5.5:筋は見当がつく。,EQMM 1957/5 No.11(早川書房),早川書房,2018/10/10
1957,樽を空けろ(ジェフリー・ハウスホールド),7.0:暗示的な結末が面白い。,EQMM 1957/5 No.11(早川書房),早川書房,2018/10/10
1957,獅子使いの男(ジャック・ロンドン),5.0:なんでこんな作品が載っているのだろう。,EQMM 1957/5 No.11(早川書房),早川書房,2018/10/10
1957,1999年(フレドリック・ブラウン),5.0:ブラウンにしては冗漫で、何のひねりもない。,EQMM 1957/5 No.11(早川書房),早川書房,2018/10/10
1957,魅せられた死(コーネル・ウールリッチ),7.0:読ませる設定だが、最後に何の意外性もないのが残念。,EQMM 1957/5 No.11(早川書房),早川書房,2018/10/10
1957,グッドバイ・グッドバイ!(クレイグ・ライス),7.5:短い中にも考えられたプロットで読ませる。,EQMM 1957/6 No.12(早川書房),早川書房,2018/10/28
1957,ボートの青髭(ロイ・ヴィカーズ),4.0:こんな実話風のもののどこが面白いんだ。,EQMM 1957/6 No.12(早川書房),早川書房,2018/10/28
1957,スクィーキイ最初の事件(マーガレット・マナーズ),4.0:好みでない。,EQMM 1957/6 No.12(早川書房),早川書房,2018/10/28
1957,女を探せ(ケネス・ミラー),7.0:予想できる結末だが、速い展開で読ませる。,EQMM 1957/6 No.12(早川書房),早川書房,2018/10/28
1957,死とのあいびき(コーネル・ウールリッチ),7.0:最後に読者をほっとさせる結末は職人芸だ。,EQMM 1957/6 No.12(早川書房),早川書房,2018/10/28
1957,幽霊に手錠はかけられぬ(マニング・コールズ),3.0:時代遅れの小説,EQMM 1957/6 No.12(早川書房),早川書房,2018/10/28
1957,天国への登り道(ロアルド・ダール),7.5:やはりダールは読ませる。,EQMM 1957/6 No.12(早川書房),早川書房,2018/10/28
1957,七月の雪つぶて(エラリイ・クイーン),5.0:証言が買収だったという謎解きはいただけない。,EQMM 1957/7 No.13(早川書房),早川書房,2018/11/06
1957,二重露出(ベン・ヘクト),6.0:趣向はわかるが盛り上がらない。,EQMM 1957/7 No.13(早川書房),早川書房,2018/11/06
1957,ついてきてごらん(ヘンリイ・ネベル),4.0:つまらない。,EQMM 1957/7 No.13(早川書房),早川書房,2018/11/06
1957,やさしき兄(デイヴィッド・アリグザンダー),6.5:悪くないできだが、結末は予想できる。,EQMM 1957/7 No.13(早川書房),早川書房,2018/11/06
1957,こどもの時間(マーチン・ガードナー),3.0:なにこれ。,EQMM 1957/7 No.13(早川書房),早川書房,2018/11/06
1957,お金を千倍する法(フランク・グルーバー),6.5:短い中でも、うまくまとめるのは職人芸だ。,EQMM 1957/7 No.13(早川書房),早川書房,2018/11/06
1957,あざみの綿毛(Ｈ・Ｃ・ベイリー),4.0:つまらん話。,EQMM 1957/7 No.13(早川書房),早川書房,2018/11/06
1957,太鼓は鳴らなかつた(ベン・Ａ・ウイリアムズ),5.0:平凡なお話。,EQMM 1957/7 No.13(早川書房),早川書房,2018/11/06
1957,貰いそこねた分け前(スチュアート・パーマー & クレイグ・ライス),7.0:やはりマローンが出てくると面白い。,EQMM 1957/7 No.13(早川書房),早川書房,2018/11/06
1957,金箔つきのげす野郎(シリル・ヘアー),8.0:短いがうまい構成だ。,EQMM 1957/7 No.13(早川書房),早川書房,2018/11/06
1957,木槌(ジェームズ・ヒルトン),4.0:何の意外性もないつまらん話。,EQMM 1957/8 No.14(早川書房),早川書房,2018/11/14
1957,レスター・リース作家になる(Ｅ・Ｓ・ガードナー),7.0:ちょっとした趣向とテンポの良い展開で読ませる。,EQMM 1957/8 No.14(早川書房),早川書房,2018/11/14
1957,完全犯罪(フレドリック・ブラウン),6.0:ブラウンの作品は結末が予想できるな。,EQMM 1957/8 No.14(早川書房),早川書房,2018/11/14
1957,山火事(ジェイムズ・Ｍ・ケイン),4.0:この作家は何を読んでもつまらない。,EQMM 1957/8 No.14(早川書房),早川書房,2018/11/14
1957,天衣無縫(オクティヴァス・Ｒ・コーエン),7.0:デブの探偵が楽しい。,EQMM 1957/8 No.14(早川書房),早川書房,2018/11/14
1957,白柱荘の殺人(Ｇ・Ｋ・チェスタートン),8.0:再読だったのが残念。犯人の設定が面白い。,EQMM 1957/8 No.14(早川書房),早川書房,2018/11/14
1957,夢を見すぎた男(クェンティン・レナルズ),6.5:ちょっとした復讐話。,EQMM 1957/8 No.14(早川書房),早川書房,2018/11/14
1957,グラーズ作『少女像』(Ｆ・Ｗ・クロフツ),6.5:少しアンフェアだが、楽しく読める。,EQMM 1957/9 No.15(早川書房),早川書房,2018/12/04
1957,木蔭の道(ジョン・ディクスン・カー),6.5:謎は魅力的だが、解決は少し陳腐。,EQMM 1957/9 No.15(早川書房),早川書房,2018/12/04
1957,帽子の女(アントニー・バークリー),6.0:大した話ではないが、後味は良い。,EQMM 1957/9 No.15(早川書房),早川書房,2018/12/04
1957,船長には絶対服従(ドナルド・マクナット・ダグラス),5.5:先がミエミエの話。,EQMM 1957/9 No.15(早川書房),早川書房,2018/12/04
1957,上海のアメリカ人(ヴィンセント・スターレット),5.0:舞台の面白さを生かしていない。,EQMM 1957/9 No.15(早川書房),早川書房,2018/12/04
1957,ディグベリイ氏の完全犯罪(アンソニイ・アボット),5.0:あまりに古めかしい。,EQMM 1957/9 No.15(早川書房),早川書房,2018/12/04
1957,遺書(トマス・キッド),6.5:語り口はいいが、これで死刑はひどい。,EQMM 1957/9 No.15(早川書房),早川書房,2018/12/04
1957,愛のきずな(ウォルト・シェルドン),2.0:なんだこりゃ。,EQMM 1957/9 No.15(早川書房),早川書房,2018/12/04
1957,百万にひとつの偶然(ロイ・ヴィカーズ),6.5:この作家は好みでないのだが、この作品は悪くない。,EQMM 1957/9 No.15(早川書房),早川書房,2018/12/04
1957,歌うダイアモンド(ヘレン・マクロイ),6.5:とてつもない発想は良いが、少し現実的ではない。,EQMM 1957/10 No.16(早川書房),早川書房,2018/12/14
1957,お気に召すまま(メイベル・シーリイ),5.5:何の意外性もない話。,EQMM 1957/10 No.16(早川書房),早川書房,2018/12/14
1957,海外電報(Ｔ・Ｓ・ストリブリング),6.5:悪くないできだが、コインの話は説得力がない。,EQMM 1957/10 No.16(早川書房),早川書房,2018/12/14
1957,ルウシイの初恋(Ｑ・パトリック),6.0:予想通りの展開。,EQMM 1957/10 No.16(早川書房),早川書房,2018/12/14
1957,緑の氷(スチュアート・パーマー),7.0:速い展開で楽しく読める。,EQMM 1957/10 No.16(早川書房),早川書房,2018/12/14
1957,幸運の蹄鉄(アンソニー・ギルバート),6.5:語り口は悪くないが、予想通りの展開。,EQMM 1957/10 No.16(早川書房),早川書房,2018/12/14
1957,ラッフルズと死神(バリイ・ペロウン),7.0:ムードが良い。ラッフルズのキャラも悪くない。,EQMM 1957/10 No.16(早川書房),早川書房,2018/12/14
1957,マクベス夫人(ローレンス・Ｇ・ブロックマン),7.5:推理の展開が面白い。,EQMM 1957/10 No.16(早川書房),早川書房,2018/12/14
1957,家族の一人(ジェイムズ・ヤッフェ),7.5:なかなかサスペンスフルでよかった。,EQMM 1957/10 No.16(早川書房),早川書房,2018/12/14
1957,魔霊殺人事件(フレドリック・ブラウン),7.0:主人公とヒロインが楽しい。,EQMM 1957/11 No.17(早川書房),早川書房,2018/12/25
1957,見えない扉(マージェリー・アリンガム),7.5:小粒でピリッと辛い逸品。,EQMM 1957/11 No.17(早川書房),早川書房,2018/12/25
1957,権威の象徴(ヘンリー・スレッサー),7.5:ラストでくすりとさせるのは職人芸だ。,EQMM 1957/11 No.17(早川書房),早川書房,2018/12/25
1957,ラッフルズと皇女アーメン(バリイ・ペロウン),7.5:このシリーズは予想以上に楽しい。,EQMM 1957/11 No.17(早川書房),早川書房,2018/12/25
1957,奇妙な魚(ケム・ベネット),7.0:後味が良い。,EQMM 1957/11 No.17(早川書房),早川書房,2018/12/25
1957,四階の部屋(アガサ・クリスティー),8.0:この作品は良く出来ている。,EQMM 1957/11 No.17(早川書房),早川書房,2018/12/25
1957,打ちそこなったゴルフ・ボール(ケリイ・ルース),6.5:平凡なお話。,EQMM 1957/11 No.17(早川書房),早川書房,2018/12/25
1957,殺人模様(チャールズ・Ｂ・チャイルド),6.0:舞台をバグダッドに持ってきたわりにはエキゾチズムを感じない平凡作。,EQMM 1957/11 No.17(早川書房),早川書房,2018/12/25
1957,幸運な刑事(スティーヴ・フィッシャー),4.0:まるで面白くない。訳者は杉山季実子、小泉喜美子かな。,EQMM 1957/11 No.17(早川書房),早川書房,2018/12/25
1957,罠を探せ(スチュアート・パーマー & クレイグ・ライス),7.5:マローンが出てくるだけで面白い。犯人の設定も考えられている。,EQMM 1957/11 No.17(早川書房),早川書房,2018/12/25
1957,クリスマス・イヴの凶事(スタンリイ・エリン),7.0:最後の落ちが効いている。,EQMM 1957/12 No.18(早川書房),早川書房,2018/12/27
1957,クリスマスが来たら(スティーヴ・フィッシャー),6.5:意外性を狙ったのだろうが、ちょっと不自然。,EQMM 1957/12 No.18(早川書房),早川書房,2018/12/27
1957,舞踏会(Ｆ・Ｓ・フィッツジェラルド),5.0:文豪が書いたという以外にとりえはない。,EQMM 1957/12 No.18(早川書房),早川書房,2018/12/27
1957,蝙蝠の王(ジェームズ・ヒルトン),6.0:ちょっとした奇談というところ。,EQMM 1957/12 No.18(早川書房),早川書房,2018/12/27
1957,9ポンドの殺人(ロイ・ヴィカーズ),6.5:ちょっと面白い趣向。,EQMM 1957/12 No.18(早川書房),早川書房,2018/12/27
1957,見方の問題(エドマンド・クリスピン),6.0:ちょっとした思いつきか。,EQMM 1957/12 No.18(早川書房),早川書房,2018/12/27
1957,奇蹟は起る(エラリイ・クイーン),6.5:犯人の設定はよくあるが面白い。,EQMM 1957/12 No.18(早川書房),早川書房,2018/12/27
1957,巡査殺し(レックス・スタウト),5.0:つまらん話。,EQMM 1957/12 No.18(早川書房),早川書房,2018/12/27
1958,鳩の好きな女(Ｑ・パトリック),6.5:ちょっとラストが今ひとつ盛り上がらない。,EQMM 1958/1 No.19(早川書房),早川書房,2018/12/29
1958,殺した男(ジェイムズ・Ｍ・ケイン),4.0:この作家は何を読んでも面白くない。,EQMM 1958/1 No.19(早川書房),早川書房,2018/12/29
1958,タイムズ・スクエアの魔女(エラリイ・クイーン),5.5:つまらんパズラー,EQMM 1958/1 No.19(早川書房),早川書房,2018/12/29
1958,スープの中のストリキニーネ(Ｐ・Ｇ・ウッドハウス),5.0:どこが面白いのかよくわからん。,EQMM 1958/1 No.19(早川書房),早川書房,2018/12/29
1958,追うものと追われるもの(スティーヴ・フレイジー),6.0:力作だが、現代にはもっと面白いものがたくさんある。,EQMM 1958/1 No.19(早川書房),早川書房,2018/12/29
1958,女か虎か(フランク・Ｒ・ストックトン),7.0:古典ですね。,EQMM 1958/1 No.19(早川書房),早川書房,2018/12/29
1958,三日月刀の促進士(フランク・Ｒ・ストックトン),7.0:古典ですね。,EQMM 1958/1 No.19(早川書房),早川書房,2018/12/29
1958,化かされた巡査(ドロシイ・Ｌ・セイヤーズ),4.0:何かよくわからん,EQMM 1958/1 No.19(早川書房),早川書房,2018/12/29
1958,死の日記(マーティン・カンバーランド),5.5:古臭い。,EQMM 1958/1 No.19(早川書房),早川書房,2018/12/29
1958,ある老人の死(アーサー・ミラー),5.0:何を書きたいのだろうか。,EQMM 1958/2 No.20(早川書房),早川書房,2018/12/30
1958,三人の寡婦(エラリイ・クイーン),6.5:筋書きはわかる。,EQMM 1958/2 No.20(早川書房),早川書房,2018/12/30
1958,手口がわかれば(マイケル・ギルバート),6.5:いわゆるプロバビリティの犯罪ですな。,EQMM 1958/2 No.20(早川書房),早川書房,2018/12/30
1958,首のない男(トマス・Ｗ・ハンシュー),7.0:趣向が面白い。,EQMM 1958/2 No.20(早川書房),早川書房,2018/12/30
1958,生と死の問題(ジョルジュ・シムノン),4.0:こんな内容で長々と読まされるのはかなわない。,EQMM 1958/2 No.20(早川書房),早川書房,2018/12/30
1958,帽子のハリイ手柄噺(フィリップ・マクドナルド),4.0:よくわからない。,EQMM 1958/2 No.20(早川書房),早川書房,2018/12/30
1958,語るに落ちる(リチャード・ハル),6.0:言葉尻を捕らえただけだ。,EQMM 1958/2 No.20(早川書房),早川書房,2018/12/30
1958,轢き逃げ(Ａ・Ｈ・Ｚ・カー),6.0:ちょっとオチがよくわからん。,EQMM 1958/2 No.20(早川書房),早川書房,2018/12/30
1958,理想の女中(アガサ・クリスティー),8.0:このトリックは面白い。,EQMM 1958/2 No.20(早川書房),早川書房,2018/12/30
1958,魔法の絵(マイケル・イネス),4.0:いまひとつよくわからん。,EQMM 1958/2 No.20(早川書房),早川書房,2018/12/30
1958,女家主の弟(エリック・アンブラー),5.0:つまらない作品が続く。,EQMM 1958/2 No.20(早川書房),早川書房,2018/12/30
1958,壜づめの妻(マイクル・フェッシャー),7.0:妙におかしい話。もう少しギャグを膨らましたら傑作になったかもしれない。,EQMM 1958/2 No.20(早川書房),早川書房,2018/12/30
1958,獵犬(ウイリアム・フォークナー),5.0:何が言いたいのかわからん。,EQMM 1958/3 No.21(早川書房),早川書房,2019/01/16
1958,春のあらし(ドロシー・ソールズベリ・デイヴィス),2.0:つまらん、長い、退屈。とりえがない。,EQMM 1958/3 No.21(早川書房),早川書房,2019/01/16
1958,金は語る(エラリイ・クイーン),5.0:相変わらずのクイズ。,EQMM 1958/3 No.21(早川書房),早川書房,2019/01/16
1958,警官は嘘を吐かない(オクティヴァス・Ｒ・コーエン),7.0:話の展開がうまい。ラストも効いている。,EQMM 1958/3 No.21(早川書房),早川書房,2019/01/16
1958,バック・ミラーにうつつた男(ジョージ・ハーモン・コックス),7.5:安定感のあるストーリー展開で読ませる。,EQMM 1958/3 No.21(早川書房),早川書房,2019/01/16
1958,高望みは大怪我のもと(ウイリアム・キャンベル・ゴールト),5.0:何かよくわからない筋書きだ。,EQMM 1958/3 No.21(早川書房),早川書房,2019/01/16
1958,ことわざ殺人事件(ジョン・ディクスン・カー),7.0:さすがにカーは読ませる。,EQMM 1958/3 No.21(早川書房),早川書房,2019/01/16
1958,救助信号(エドマンド・クリスピン),5.0:どこが面白いんだ。,EQMM 1958/3 No.21(早川書房),早川書房,2019/01/16
1958,相場に賭ける男(ロイ・ヴィカーズ),6.5:この作家は読ませるのだが、意外性がない。,EQMM 1958/3 No.21(早川書房),早川書房,2019/01/16
1958,虎よ! 虎よ!(Ａ・Ｈ・Ｚ・カー),7.0:少し複雑だが、全体のムードが良い。,EQMM 1958/4 No.22(早川書房),早川書房,2019/01/22
1958,縁起でもないお芝居(スチュアート・パーマー),6.5:少し長すぎるが、楽しく読める。,EQMM 1958/4 No.22(早川書房),早川書房,2019/01/22
1958,情熱の犯罪(ルイス・ブロムフィールド),4.0:どこが面白いんだ。,EQMM 1958/4 No.22(早川書房),早川書房,2019/01/22
1958,身許不詳の男(フレデリック・アーヴィング・アンダースン),4.0:つまらない,EQMM 1958/4 No.22(早川書房),早川書房,2019/01/22
1958,友情(トマス・ウォルシュ),5.5:これも大したことがない。,EQMM 1958/4 No.22(早川書房),早川書房,2019/01/22
1958,二重の手がかり(アガサ・クリスティー),6.0:このトリックはここが出典だったのかな。,EQMM 1958/4 No.22(早川書房),早川書房,2019/01/22
1958,瓜二つの御者(バリイ・ペロウン),6.5:このシリーズは楽しい。,EQMM 1958/4 No.22(早川書房),早川書房,2019/01/22
1958,角砂糖(エラリイ・クイーン),5.5:相変わらずのクイズ。,EQMM 1958/4 No.22(早川書房),早川書房,2019/01/22
1958,パーシヴァル・ブランドの替え玉(Ｒ・オースチン・フリーマン),5.0:いくら何でもこれはごまかせないでしょう。,EQMM 1958/4 No.22(早川書房),早川書房,2019/01/22
1958,誰も言えない(リチャード・ロックリッジ & フランシス・ロックリッジ),6.5:ちょっと面白い趣向。,EQMM 1958/4 No.22(早川書房),早川書房,2019/01/22
1958,人殺しは誰でもする(ヘレン・マクロイ),8.0:発端からラストまで緊張感を保っている。謎解きも説得力がある。,EQMM 1958/5 No.23 アメリカ女流中篇特集(早川書房),早川書房,2019/01/31
1958,ネラが住んでいた家(メイベル・シーリイ),3.0:つまらん。この作家は前作もひどかった。,EQMM 1958/5 No.23 アメリカ女流中篇特集(早川書房),早川書房,2019/01/31
1958,萎えた心(ジーン・ポッツ),6.0:なんとなく共感を呼ぶ結末。,EQMM 1958/5 No.23 アメリカ女流中篇特集(早川書房),早川書房,2019/01/31
1958,ねずみと猫(フランク・グルーバー),6.5:単純な構成だが楽しく読める。,EQMM 1958/5 No.23 アメリカ女流中篇特集(早川書房),早川書房,2019/01/31
1958,塗りかけの家の秘密(Ｔ・Ｓ・ストリブリング),6.5:この動機は少し弱い。,EQMM 1958/5 No.23 アメリカ女流中篇特集(早川書房),早川書房,2019/01/31
1958,神の矢(レスリー・チャータリス),7.0:舞台設定は面白いが、謎は今ひとつ。,EQMM 1958/5 No.23 アメリカ女流中篇特集(早川書房),早川書房,2019/01/31
1958,夜のひととき(シャーロット・アームストロング),4.0:何が書きたいのかわからない。,EQMM 1958/5 No.23 アメリカ女流中篇特集(早川書房),早川書房,2019/01/31
1958,アデスタを吹く冷たい風(トマス・フラナガン),8.0:テナント大佐の人物像と暗いムードが良い。,EQMM 1958/6 No.24(早川書房),早川書房,2019/02/09
1958,みんな泥棒(アーサー・ミラー),4.0:コントだ。,EQMM 1958/6 No.24(早川書房),早川書房,2019/02/09
1958,鸚鵡のくちばし(ロイ・ヴィカーズ),6.5:迷宮課はなんとなく読ませる。,EQMM 1958/6 No.24(早川書房),早川書房,2019/02/09
1958,三人の自転車曲乘師(ジョルジュ・シムノン),2.0:嫌いな作家なので流し読みしたら、複雑で話がわからん。,EQMM 1958/6 No.24(早川書房),早川書房,2019/02/09
1958,血走つた眼(マッキンレイ・カンター),4.0:この手の小説はつまらない。,EQMM 1958/6 No.24(早川書房),早川書房,2019/02/09
1958,壁紙の下の扉(メアリイ・ロバーツ・ラインハート),6.0:読ませる筆力は買うが、何のひねりもない平凡な出来。,EQMM 1958/6 No.24(早川書房),早川書房,2019/02/09
1958,見事なショット(Ｅ・Ｃ・ベントリー),6.5:機械トリックと動機はちょっと納得できないが、設定は悪くない。,EQMM 1958/6 No.24(早川書房),早川書房,2019/02/09
1958,小鳥たちはまた歌う(クレイグ・ライス),8.0:マローンが出てくるだけで楽しいし、ひねりのある結末も効いている。,EQMM 1958/6 No.24(早川書房),早川書房,2019/02/09
1958,お待ちの間の殺人(フレドリック・ブラウン),8.5:これはやられた。意外性のあるラストはいいなあ。,EQMM 1958/6 No.24(早川書房),早川書房,2019/02/09
1958,さらば大きな女よ(Ｅ・Ｓ・ホールディング),4.0:よくわからない。,EQMM 1958/6 No.24(早川書房),早川書房,2019/02/09
1958,歌う杖(エドガー・パングボーン),4.0:原始を舞台にしただけがとりえ。,EQMM 1958/7 No.25 創刊2周年記念特大号(早川書房),早川書房,2019/02/24
1958,不敗のアリバイ(Ｆ・Ｗ・クロフツ),5.0:クロフツの短編というのが全て。,EQMM 1958/7 No.25 創刊2周年記念特大号(早川書房),早川書房,2019/02/24
1958,演説(ロード・ダンセイニ),6.5:当時としては面白い筋書きだったのでは。,EQMM 1958/7 No.25 創刊2周年記念特大号(早川書房),早川書房,2019/02/24
1958,物は証言できない(エイヴラム・デイヴィッドスン),7.5:時代背景とラストがうまくマッチしている。,EQMM 1958/7 No.25 創刊2周年記念特大号(早川書房),早川書房,2019/02/24
1958,聖ヴァレンタイン祭の殺人(ミニヨン・Ｇ・エバーハート),7.0:ちょっと面白い展開とハッピーエンドがいいな。,EQMM 1958/7 No.25 創刊2周年記念特大号(早川書房),早川書房,2019/02/24
1958,デイシー事件(ロイ・ヴィカーズ),5.0:この作家は辛気臭い。今回は筋もよくつかめない。,EQMM 1958/7 No.25 創刊2周年記念特大号(早川書房),早川書房,2019/02/24
1958,興奮クラブ(Ｌ・Ｊ・ビーストン),6.0:相変わらずの展開。一作読めば予想できる。,EQMM 1958/7 No.25 創刊2周年記念特大号(早川書房),早川書房,2019/02/24
1958,名探偵マリナー(Ｐ・Ｇ・ウッドハウス),7.5:この題材でここまで書けるとは、さすがである。,EQMM 1958/7 No.25 創刊2周年記念特大号(早川書房),早川書房,2019/02/24
1958,おふくろ(マーク・ヴァン・ドーレン),4.0:つまらない,EQMM 1958/7 No.25 創刊2周年記念特大号(早川書房),早川書房,2019/02/24
1958,良心の問題(トマス・フラナガン),5.0:筋がよくわからなかった。,EQMM 1958/7 No.25 創刊2周年記念特大号(早川書房),早川書房,2019/02/24
1958,5-4=殺人犯人(ベイナード・ケンドリック),7.5:この設定はなかなか面白い。,EQMM 1958/7 No.25 創刊2周年記念特大号(早川書房),早川書房,2019/02/24
1958,3Dクラブ(オグデン・ナッシュ),4.0:話がわからん。,EQMM 1958/7 No.25 創刊2周年記念特大号(早川書房),早川書房,2019/02/24
1958,あの墓を掘れ!(ロバート・ブロック),4.0:なんてつまらん話だ。,EQMM 1958/7 No.25 創刊2周年記念特大号(早川書房),早川書房,2019/02/24
1958,殺人はもう御免(レックス・スタウト),7.5:流石に読ませる。敵役の検事とのやり取りも面白い。,EQMM 1958/7 No.25 創刊2周年記念特大号(早川書房),早川書房,2019/02/24
1958,壁をへだてた目撃者(スタンリイ・エリン),8.0:さすがエリン、趣向はすこしわかるが読ませる。,EQMM 1958/8 No.26(早川書房),早川書房,2019/02/27
1958,よう、お父ちやん(パット・スタッドリイ),7.5:後味の良い小説は好きだ。,EQMM 1958/8 No.26(早川書房),早川書房,2019/02/27
1958, スイート・ウイリアム(ドロシー・ソールズベリ・デイヴィス),4.0:予想通りつまらない。,EQMM 1958/8 No.26(早川書房),早川書房,2019/02/27
1958,緑の雑草(マーガレット・ペイジ・フード),5.5:舞台は面白いが、平凡な出来。,EQMM 1958/8 No.26(早川書房),早川書房,2019/02/27
1958,すでに失われたり(シャーロット・アームストロング),5.0:ラストが何を示しているのかよくわからない。,EQMM 1958/8 No.26(早川書房),早川書房,2019/02/27
1958,行きずりの女(バリイ・ペロウン),5.0:よくわからない。,EQMM 1958/8 No.26(早川書房),早川書房,2019/02/27
1958,アパート探し(Ｊ・マクドナルド & Ｍ・マクドナルド),5.5:設定倒れ。,EQMM 1958/8 No.26(早川書房),早川書房,2019/02/27
1958,自由の鐘を鳴らせ(ケム・ベネット),5.5:変な暗号では納得できない。,EQMM 1958/8 No.26(早川書房),早川書房,2019/02/27
1958,田舎のいたずら(ロバート・シェクリイ),7.0:ショートストーリーとして悪くない。,EQMM 1958/8 No.26(早川書房),早川書房,2019/02/27
1958,カザノヴァのアリバイ(ラファエル・サバチニ),8.0:これは痛快。,EQMM 1958/8 No.26(早川書房),早川書房,2019/02/27
1958,殺人狂(ヘンリー・スレッサー),6.0:今ひとつひねりが効いていない。,EQMM 1958/8 No.26(早川書房),早川書房,2019/02/27
1958,二重像(ロイ・ヴィカーズ),8.0:この作家にしては派手な設定で読ませる。でも終わり方は同じだ。,EQMM 1958/9 No.27(早川書房),早川書房,2019/03/12
1958,死手譲渡(ミリアム・アレン・ディフォード),6.5:最後の趣向は少し面白い。,EQMM 1958/9 No.27(早川書房),早川書房,2019/03/12
1958,誰でもない男の裁判(Ａ・Ｈ・Ｚ・カー),8.0:犯人の計画は少し杜撰だが、語り口の旨さで読ませる。50年代のクリスチャンにとってはインパクトの強いテーマなのだろうが、21世紀の仏教徒には今ひとつ響かない。,EQMM 1958/9 No.27(早川書房),早川書房,2019/03/12
1958,棄て罠(レスリー・チャータリス),7.0:セイントの策略は予想できるが、思わずニヤリとさせる作品。悪くない。,EQMM 1958/9 No.27(早川書房),早川書房,2019/03/12
1958,パリから来た紳士(ジョン・ディクスン・カー),8.5:再読なのでラストは知っていたが、それでも読ませる。酒場の猥雑な描写と、現場の暗い雰囲気のコントラストが素晴らしい。,EQMM 1958/9 No.27(早川書房),早川書房,2019/03/12
1958,法も方便(セルウィン・ジェプスン),6.5:予想通りの結末だが、悪くはない。,EQMM 1958/9 No.27(早川書房),早川書房,2019/03/12
1958,追われて(フレッチャー・フローラ),5.5:少し嫌味だ。,EQMM 1958/9 No.27(早川書房),早川書房,2019/03/12
1958,不思議の国の犯罪(ルーファス・キング),6.0:題名負けだな。,EQMM 1958/10 No.28(早川書房),早川書房,2019/03/19
1958,読者への挑戰(ヒュー・ペンティコースト),6.0:結末がごたついていて、作者の意図がよくわからない。,EQMM 1958/10 No.28(早川書房),早川書房,2019/03/19
1958,天から降つて来た死体(Ａ・Ｅ・マーチン),6.5:めまぐるしい展開。ラストは少し面白い。,EQMM 1958/10 No.28(早川書房),早川書房,2019/03/19
1958,うまくいつたようだわね(トマス・フラナガン),7.0:女に乗せられていく弁護士が面白い。,EQMM 1958/10 No.28(早川書房),早川書房,2019/03/19
1958,一生懸命やりまショウ(スチュアート・パーマー),6.5:単純なプロットだが、おなじみのメンバーで楽しく読める。,EQMM 1958/10 No.28(早川書房),早川書房,2019/03/19
1958,火星のダイアモンド(ポール・アンダースン),7.0:謎解きは今ひとつだが、舞台設定を買う。,EQMM 1958/10 No.28(早川書房),早川書房,2019/03/19
1958,にやおうん(エドガー・パングボーン),2.0:なんだこりゃ,EQMM 1958/10 No.28(早川書房),早川書房,2019/03/19
1958,特別料理(スタンリイ・エリン),8.5:名作は違う。結末は誰でもわかるが、それを書く筆力がすごい。,EQMM 1958/10 No.28(早川書房),早川書房,2019/03/19
1958,玉を懐いて罪あり(トマス・フラナガン),8.5:これは見事な出来。舞台設定がまず良いし、趣向も面白い。,EQMM 1958/11 No.29 歴史ミステリ特集(早川書房),早川書房,2019/03/28
1958,強情な男(ロバート・アーサー),6.5:筋書きはわかってしまう。,EQMM 1958/11 No.29 歴史ミステリ特集(早川書房),早川書房,2019/03/28
1958,希望を実現した男(Ｃ・Ｓ・フォレスター),6.5:アイデアは良いのにラストが今ひとつ。もう少しうまくできなかったか。,EQMM 1958/11 No.29 歴史ミステリ特集(早川書房),早川書房,2019/03/28
1958,逃亡犯罪人引渡し法(ブレット・ハリディ),7.5:特殊な舞台をベースに読ませる話。ラストは今ひとつかな。,EQMM 1958/11 No.29 歴史ミステリ特集(早川書房),早川書房,2019/03/28
1958,名提琴のゆくえ(リリアン・デ・ラ・トーレ),7.0:人物など舞台設定で読ませる。謎解きは今ひとつ。,EQMM 1958/11 No.29 歴史ミステリ特集(早川書房),早川書房,2019/03/28
1958,幽霊は年をとらない(ローレンス・カーク),5.0:つまらない話である。,EQMM 1958/11 No.29 歴史ミステリ特集(早川書房),早川書房,2019/03/28
1958,誰の身にもふりかかる(チャールズ・マージェンダール),5.0:よくわからん。,EQMM 1958/11 No.29 歴史ミステリ特集(早川書房),早川書房,2019/03/28
1958,不在証明(Ｏ・Ｈ・レスリー),6.5:スレッサーらしい作品。,EQMM 1958/11 No.29 歴史ミステリ特集(早川書房),早川書房,2019/03/28
1958,悪霊の法冠(ジョゼフ・シアリング),5.0:一昔前のメロドラマか。,EQMM 1958/11 No.29 歴史ミステリ特集(早川書房),早川書房,2019/03/28
1958,この世の外から(クレイトン・ロースン),7.5:このトリックはマジックの本質を表したようなものだな。種を明かされると失望する。,EQMM 1958/11 No.29 歴史ミステリ特集(早川書房),早川書房,2019/03/28
1958,クリスマスの朝に(マージェリー・アリンガム),6.5:平凡な話だが、クリスマスの雰囲気が良い。,EQMM 1958/12 No.30(早川書房),早川書房,2019/04/17
1958,タイム・マシン第一号(フレドリック・ブラウン),6.0:今となっては何と言うこともない。,EQMM 1958/12 No.30(早川書房),早川書房,2019/04/17
1958,流れ弾(リチャード・デミング),7.0:ラストが効いている。,EQMM 1958/12 No.30(早川書房),早川書房,2019/04/17
1958,あんたにそっくり(スタンリイ・エリン),7.5:さすがにエリンは読ませる。,EQMM 1958/12 No.30(早川書房),早川書房,2019/04/17
1958,死刑台には二度のぼれない(アンソニー・ギルバート),7.0:ラストの決め手はイマイチだが、中盤の展開はサスペンスフルで良い。,EQMM 1958/12 No.30(早川書房),早川書房,2019/04/17
1958,殺人アンコール(アントニー・バウチャー),6.5:悪くはないが、平凡な展開。,EQMM 1958/12 No.30(早川書房),早川書房,2019/04/17
1958,獅子のたてがみ(トマス・フラナガン),8.0:ストーリー展開とラストの捻りが見事。,EQMM 1958/12 No.30(早川書房),早川書房,2019/04/17
1958,グリニジ・ヴィレジの幽霊(ドナルド・マクナット・ダグラス),7.0:面白く読める。,EQMM 1958/12 No.30(早川書房),早川書房,2019/04/17
1958,名探偵・合衆国大統領(Ｈ・Ｆ・ハード),4.0:SF崩れのつまらない話。,EQMM 1958/12 No.30(早川書房),早川書房,2019/04/17
1958,この人の職業は?(エドマンド・クリスピン),5.0:日本人にはわからん。,EQMM 1958/12 No.30(早川書房),早川書房,2019/04/17
1959,五十一番目の密室(ロバート・アーサー),8.0:再読だが、やはり面白い趣向である。楽屋落ちも楽しい。都筑道夫が「特別解説」を書いて登場作家の紹介をしている。,EQMM 1959/1 No.31(早川書房),早川書房,2019/04/26
1959,レディ・キラー(ウィルバー・Ｄ・スティール),2.0:こんな作品載せるなよ。,EQMM 1959/1 No.31(早川書房),早川書房,2019/04/26
1959,模範的殺人法(フレドリック・ブラウン),7.0:馬鹿らしい話だが笑わせる。,EQMM 1959/1 No.31(早川書房),早川書房,2019/04/26
1959,神さまの思し召し(スタンリイ・エリン),7.0:ラストが皮肉に溢れている。,EQMM 1959/1 No.31(早川書房),早川書房,2019/04/26
1959,お父ちやん似(ブライアン・オサリヴァン),7.0:本当にこの作家、9歳なのか。良く出来ている。,EQMM 1959/1 No.31(早川書房),早川書房,2019/04/26
1959,懐郷病(ホームシック)のビュイック(ジョン・Ｄ・マクドナルド),6.0:期待していたが、大した出来ではなかった。,EQMM 1959/1 No.31(早川書房),早川書房,2019/04/26
1959,門は開く(グラディス・クラフ),4.0:よくわからん。,EQMM 1959/1 No.31(早川書房),早川書房,2019/04/26
1959,八一番目の標石(Ｔ・Ｓ・ストリブリング),6.0:不思議な話だ。どう評価していいかわからない。,EQMM 1959/1 No.31(早川書房),早川書房,2019/04/26
1959,義兄弟(クェンティン・レナルズ),5.0:なんでこんな作品が載るのだろう。,EQMM 1959/1 No.31(早川書房),早川書房,2019/04/26
1959,だれが駒鳥二世を殺したか?(ジョゼフ・スタラッド),3.0:見開きのパズル。こんな謎がわかるか。,EQMM 1959/1 No.31(早川書房),早川書房,2019/04/26
1959,ノエル・ノエル(バリイ・ペロウン),6.5:この作家は筆力がある。,EQMM 1959/1 No.31(早川書房),早川書房,2019/04/26
1959,汝は見たまう神なり(Ｑ・パトリック),6.0:少し間抜けな主人公が哀しい。,EQMM 1959/1 No.31(早川書房),早川書房,2019/04/26
1959,カーテンの向う側(ヘレン・マクロイ),6.0:ラストに何の捻りもない。,EQMM 1959/2 No.32 新春に贈る中篇特集(早川書房),早川書房,2019/05/11
1959,この手で人を殺してから(アーサー・ウイリアムズ),7.5:再読なのと趣向が古くなっているのが残念だが、当時は新味があったろう。,EQMM 1959/2 No.32 新春に贈る中篇特集(早川書房),早川書房,2019/05/11
1959,デッドロック(エドマンド・クリスピン),7.5:作者には珍しい少年を主人公にしたもの。雰囲気が良いし、犯人設定も面白い。。,EQMM 1959/2 No.32 新春に贈る中篇特集(早川書房),早川書房,2019/05/11
1959,隣りの夫婦(マーガレット・ミラー),6.0:平凡な話。,EQMM 1959/2 No.32 新春に贈る中篇特集(早川書房),早川書房,2019/05/11
1959,生まれながらの殺人者(ドロシー・ソールズベリ・デイヴィス),4.0:何を読んでもつまらない作家である。,EQMM 1959/2 No.32 新春に贈る中篇特集(早川書房),早川書房,2019/05/11
1959,早く起こすよ(マーガレット・ペイジ・フード),3.0:こんな作品載せるなよ。,EQMM 1959/2 No.32 新春に贈る中篇特集(早川書房),早川書房,2019/05/11
1959,ラヴデイの打ち明け話(Ｌ・Ｊ・ビーストン),7.5:これは面白く読めた。,EQMM 1959/2 No.32 新春に贈る中篇特集(早川書房),早川書房,2019/05/11
1959,勝つ道なし(メルヴィル・Ｄ・ポースト),5.5:この謎解きは推測できない。,EQMM 1959/2 No.32 新春に贈る中篇特集(早川書房),早川書房,2019/05/11
1959,告発状(フレドリック・ブラウン),7.0:ブラウンらしいショートショート,EQMM 1959/2 No.32 新春に贈る中篇特集(早川書房),早川書房,2019/05/11
1959,矛盾だらけの事件(ヒュー・ペンティコースト),7.0:話が転がっていくのが面白い。,EQMM 1959/2 No.32 新春に贈る中篇特集(早川書房),早川書房,2019/05/11
1959,汽笛一声(スチュアート・パーマー & クレイグ・ライス),6.0:少しバタついていて、まとまらない。,EQMM 1959/2 No.32 新春に贈る中篇特集(早川書房),早川書房,2019/05/11
1959,慈悲の心(エリザー・リプスキイ),3.0:貧乏臭く宗教臭い。こんな作品載せるなよ。,EQMM 1959/2 No.32 新春に贈る中篇特集(早川書房),早川書房,2019/05/11
1959,世界一のノッポ(ジャネット・グリーン),5.5:舞台設定は面白いが、ミステリとしては平凡。,EQMM 1959/2 No.32 新春に贈る中篇特集(早川書房),早川書房,2019/05/11
1959,見えぬ手の殺人(カーター・ディクスン),6.0:カーにしてはあっさりとした展開で、盛り上がらない。,EQMM 1959/3 No.33(早川書房),早川書房,2019/06/02
1959,雌鹿の処刑(パット・スタッドリイ),4.0:今ひとつ趣向がわからない。,EQMM 1959/3 No.33(早川書房),早川書房,2019/06/02
1959,帰郷(ヴェロニカ・Ｐ・ジョーンズ),3.0:こんなもの読ませるなよ。,EQMM 1959/3 No.33(早川書房),早川書房,2019/06/02
1959,食うか食われるか(オグデン・ナッシュ),5.0:意味が分からない。,EQMM 1959/3 No.33(早川書房),早川書房,2019/06/02
1959,マリアはなんでも知っている(フロイド・マハンナ),6.5:謎はそれなりだが、マリアという人物が妙に面白い。,EQMM 1959/3 No.33(早川書房),早川書房,2019/06/02
1959,お先棒かつぎ(スタンリイ・エリン),6.5:さすがにエリンは読ませるが、結末は今ひとつ。,EQMM 1959/3 No.33(早川書房),早川書房,2019/06/02
1959,対話(ガイ・ネドモン),5.0:アイデイアは買う。,EQMM 1959/3 No.33(早川書房),早川書房,2019/06/02
1959,誰にも教えない(ハル・エルスン),5.0:なんの意外性もない話。,EQMM 1959/3 No.33(早川書房),早川書房,2019/06/02
1959,老人(ヘンリー・スレッサー),7.0:さすがスレッサー、笑わせてくれる。,EQMM 1959/3 No.33(早川書房),早川書房,2019/06/02
1959,女と虎と(ジャック・モフィット),6.0:話の展開が冗長で、ラストが今ひとつ生きていない。,EQMM 1959/3 No.33(早川書房),早川書房,2019/06/02
1959,不当な疑惑(スタンリイ・エリン),6.0:ラストは脱力する。,EQMM 1959/4 No.34(早川書房),早川書房,2019/06/11
1959,動機 前篇(エラリイ・クイーン),7.5:人物像が魅力的だ。これまでのクイズのような短編とは別物だ。,EQMM 1959/4 No.34(早川書房),早川書房,2019/06/11
1959,減量(エド・レイシイ),7.0:ラストはくすりと笑わせる。,EQMM 1959/4 No.34(早川書房),早川書房,2019/06/11
1959,こんどはお前だ(トマス・ウォルシュ),6.0:展開は今ひとつだが、明るいラストは良い。,EQMM 1959/4 No.34(早川書房),早川書房,2019/06/11
1959,＜今月の殺人＞クラブ(モリス・リー・グリーン),6.0:今となっては、よくある筋書き。,EQMM 1959/4 No.34(早川書房),早川書房,2019/06/11
1959,その目もどうぞご一緒に(ジョージ・ハーモン・コックス),6.5:定型的なB級ハードボイルドだが、リズム良く読ませる。,EQMM 1959/4 No.34(早川書房),早川書房,2019/06/11
1959,聖者(エイブラム・デイヴィッドスン),7.0:原住民の叡智がうんだ皮肉な結末が面白い。,EQMM 1959/4 No.34(早川書房),早川書房,2019/06/11
1959,第一前哨(マシュウ・ガント),4.0:落ちがわからん。,EQMM 1959/4 No.34(早川書房),早川書房,2019/06/11
1959,白いマスクの男(アラン・Ｅ・ナース),6.5:真相はすぐ見当がつくが、好感が持てる作品。,EQMM 1959/4 No.34(早川書房),早川書房,2019/06/11
1959,真珠の値打ち(アガサ・クリスティー),6.0:平凡な作品。,EQMM 1959/4 No.34(早川書房),早川書房,2019/06/11
1959,探偵作家は天国へ行ける(Ｃ・Ｂ・ギルフォード),8.0:アイデイアが良い。謎解きは今ひとつだが、ラストはニヤリとさせられて楽しい。,EQMM 1959/4 No.34(早川書房),早川書房,2019/06/11
1959,動機 完結篇(エラリイ・クイーン),7.5:地方環境を舞台に緊張感ある展開、人物像が良い。プロットも説得力がある。,EQMM 1959/5 No.35(早川書房),早川書房,2019/06/18
1959,エイプリル・フール(マーク・ヴァン・ドーレン),7.0:奇妙な設定と謎解きがそれなりにマッチしている。,EQMM 1959/5 No.35(早川書房),早川書房,2019/06/18
1959,世に不可能事なし(クレイトン・ロースン),7.5:トリックは大したことはないが、宇宙人の犯罪というギミックが面白い。,EQMM 1959/5 No.35(早川書房),早川書房,2019/06/18
1959,あね、おとうと(ベン・ベンスン),5.0:二流のテレビドラマのような小説。,EQMM 1959/5 No.35(早川書房),早川書房,2019/06/18
1959,一人も敵のない男(ウォード・ホーキンス & ジョン・ホーキンス),5.0:真相に辿り着く過程がいい加減である。,EQMM 1959/5 No.35(早川書房),早川書房,2019/06/18
1959,馬をのみこんだ男(クレイグ・ライス),6.0:落語みたいなショートショート(2019/06/17),EQMM 1959/5 No.35(早川書房),早川書房,2019/06/18
1959,白い馬鹿(ウイリアム・カニンガム),5.0:結末がよくわからん。,EQMM 1959/5 No.35(早川書房),早川書房,2019/06/18
1959,背は身を助く(マージェリー・アリンガム),6.0:いつものアリンガム,EQMM 1959/5 No.35(早川書房),早川書房,2019/06/18
1959,人形じみた男(ウイリアム・サンソム),3.0:つまらん。,EQMM 1959/5 No.35(早川書房),早川書房,2019/06/18
1959,法の妙味(Ｗ・サマセット・モーム),6.5:さすがに話の展開がうまい。,EQMM 1959/5 No.35(早川書房),早川書房,2019/06/18
1959,罪なきものは石をとれ(Ｅ・Ｓ・ガードナー),5.5:ガードナーにしてはもたつく展開。,EQMM 1959/5 No.35(早川書房),早川書房,2019/06/18
1959,おれが賭けた女(ジェイムズ・Ｍ・ケイン),6.0:明るい結末は悪くない。,EQMM 1959/6 No.36(早川書房),早川書房,2019/07/05
1959,絞首刑綺譚(バリイ・ペロウン),6.0:予想通りの展開だが、最後のセリフが効いている。,EQMM 1959/6 No.36(早川書房),早川書房,2019/07/05
1959,思考機械(ジャック・フットレル),5.5:いかにもクラッシクな展開。論理性に乏しく、いきあたりばったりである。,EQMM 1959/6 No.36(早川書房),早川書房,2019/07/05
1959,判決(フランク・スウィナトン),4.0:落ちがわからない。,EQMM 1959/6 No.36(早川書房),早川書房,2019/07/05
1959,勘で勝負する男(Ａ・Ｈ・Ｚ・カー),6.0:ラストが今ひとつ効いていない。,EQMM 1959/6 No.36(早川書房),早川書房,2019/07/05
1959,金に見放されるとき(ウイリアqム・フェイ),5.0:ありふれた展開。,EQMM 1959/6 No.36(早川書房),早川書房,2019/07/05
1959,名探偵クック艦長(シオドア・マシスン),6.5:設定が面白いことは認めるが、ミステリとしては今ひとつ。,EQMM 1959/6 No.36(早川書房),早川書房,2019/07/05
1959,ずぶ濡れの男(フィリップ・マクドナルド),5.0:ひねりのない長いだけの中編。,EQMM 1959/6 No.36(早川書房),早川書房,2019/07/05
1959,守銭奴の黄金(エラリイ・クイーン),5.5:この謎はわからん。,EQMM 1959/6 No.36(早川書房),早川書房,2019/07/05
1959,バルドンネッキアの雪(ガートルード・ダイアマント),3.0:こういうツマラン暗い話が一番嫌いだ。,EQMM 1959/6 No.36(早川書房),早川書房,2019/07/05
1959,町みなが眠ったなかで(レイ・ブラッドベリ),7.0:話の展開がうまいが、ラストはもう時代遅れかな。,EQMM 1959/6 No.36(早川書房),早川書房,2019/07/05
1959,寒中水泳(結城昌治),5.0:これが受賞作とは。この作家のその後が奇蹟だ。,EQMM 1959/7 No.37 特大号(早川書房),早川書房,2019/07/29
1959,奇蹟なんぞはいつでも起る(クレイトン・ロースン),7.0:これまでのロースンの諸作では一番落ちるが、最後のひねりは楽しい。,EQMM 1959/7 No.37 特大号(早川書房),早川書房,2019/07/29
1959,箱の中にあったのは(リチャード・マシスン),6.5:謎ときが9月号回しなので、保留。->ちょっとシュールな結末でした。,EQMM 1959/7 No.37 特大号(早川書房),早川書房,2019/07/29
1959,失踪した妻(ロイ・ヴィカーズ),7.0:最後まで緊張感を保っている筆力には関心。,EQMM 1959/7 No.37 特大号(早川書房),早川書房,2019/07/29
1959,芸術家(チャールズ・グリーン),6.5:ちょっと面白い趣向。,EQMM 1959/7 No.37 特大号(早川書房),早川書房,2019/07/29
1959,銀行やぶり(ジョン・スタインベック),4.0:どこが面白いんだ。,EQMM 1959/7 No.37 特大号(早川書房),早川書房,2019/07/29
1959,君は未だ汚れなき花嫁(エイブラム・デイヴィッドスン),4.0:どこが面白いんだ。,EQMM 1959/7 No.37 特大号(早川書房),早川書房,2019/07/29
1959,宿願成就(ジョン・コリア),4.0:訳文も変で、何が書いてあるのかわからん。,EQMM 1959/7 No.37 特大号(早川書房),早川書房,2019/07/29
1959,花嫁の危機(エラリイ・クイーン),7.0:短い割に登場人物が多いのでごたついているが、悪い出来ではない。,EQMM 1959/7 No.37 特大号(早川書房),早川書房,2019/07/29
1959,酒場のスカンク(Ａ・Ｂ・ガスリイ・ジュニア),6.5:スカンクを持ち込んでくる酔っぱらいが楽しい。,EQMM 1959/7 No.37 特大号(早川書房),早川書房,2019/07/29
1959,九死に一生(スチュアート・パーマー＆クレイグ・ライス),8.0:早い展開で最後は法廷対決、敵役も出てきて読ませる作品。,EQMM 1959/7 No.37 特大号(早川書房),早川書房,2019/07/29
1959,逃げるばかりが能じゃない(ヘンリイ・スレッサー),8.5:有名な作品。スッキリした展開が見事。にもかかわらず、この作品、目次から漏れているぞ。,EQMM 1959/7 No.37 特大号(早川書房),早川書房,2019/07/29
1959,月は六月その夜更けに(レイ・ブラッドベリ),5.0:思わせぶりの美文調にうんざりだ。,EQMM 1959/7 No.37 特大号(早川書房),早川書房,2019/07/29
1959,金髪ころし(コーネル・ウールリッチ),6.0:不思議な話だ。,EQMM 1959/7 No.37 特大号(早川書房),早川書房,2019/07/29
1959,飲んであの世へ(クレイグ・ライス),6.0:結末があっけない。,EQMM 1959/8 No.38 ハードボイルド特集号(早川書房),早川書房,2019/07/31
1959,トラブルをよぶ金髪(リチャード・Ｆ・バレット),6.0:話は単純だが、警官にバレエというのが笑う。,EQMM 1959/8 No.38 ハードボイルド特集号(早川書房),早川書房,2019/07/31
1959,銀貨一枚(パット・フランク),7.0:短い作品だが後味が良い。,EQMM 1959/8 No.38 ハードボイルド特集号(早川書房),早川書房,2019/07/31
1959,焦熱地帯(フレッチャー・フローラ),6.0:生ぬるいビールは拷問だな。,EQMM 1959/8 No.38 ハードボイルド特集号(早川書房),早川書房,2019/07/31
1959,ゲームは二人で(スティーヴ・エィプリル),5.0:よくわからん結末だ。,EQMM 1959/8 No.38 ハードボイルド特集号(早川書房),早川書房,2019/07/31
1959,1時間(ダシール・ハメット),6.5:オプが今ひとつ格好が良くない。,EQMM 1959/8 No.38 ハードボイルド特集号(早川書房),早川書房,2019/07/31
1959,全額支払い(ディオン・ヘンダースン),5.0:ありふれたなんのひねりもないクライムストーリー。,EQMM 1959/8 No.38 ハードボイルド特集号(早川書房),早川書房,2019/07/31
1959,写真は嘘をつかないが(フランク・グルーバー),6.0:小話として面白い。,EQMM 1959/8 No.38 ハードボイルド特集号(早川書房),早川書房,2019/07/31
1959,誰にも失敗はある(リチャード・ロックリッジ & フランシス・ロックリッジ),5.0:あまり取り柄がない。,EQMM 1959/8 No.38 ハードボイルド特集号(早川書房),早川書房,2019/07/31
1959,新車で飛ばそう(Ｃ・Ｂ・ギルフォード),6.0:少年ものは時代を感じる。,EQMM 1959/8 No.38 ハードボイルド特集号(早川書房),早川書房,2019/07/31
1959,白昼の闇(ウィット・マスタースン),8.0:面白く読めるし、プロットもよくできている。この作家はうまい。,EQMM 1959/8 No.38 ハードボイルド特集号(早川書房),早川書房,2019/07/31
1959,うつろな龍(エラリイ・クイーン),6.5:オーソドックスな謎解き短編。変な名前の日本人はご愛嬌。,EQMM 1959/9 No.39(早川書房),早川書房,2019/08/02
1959,人を呪わば(ヘンリー・スレッサー),6.0:類は友を呼ぶか。納得の結末。,EQMM 1959/9 No.39(早川書房),早川書房,2019/08/02
1959,バーニイ王のごあいさつ(チャールズ・グリーン),7.5:こういうストーリー展開は楽しいね。,EQMM 1959/9 No.39(早川書房),早川書房,2019/08/02
1959,猫とねずみ(ジュリアン・シモンズ),7.0:よく考えられた構成だ。,EQMM 1959/9 No.39(早川書房),早川書房,2019/08/02
1959,地上最大の怪物(ブライス・ウォルトン),6.5:思いつめた怪奇役者がよくかけている。,EQMM 1959/9 No.39(早川書房),早川書房,2019/08/02
1959,銃をもった影(マッキンレイ・カンター),5.0:できすぎの設定。,EQMM 1959/9 No.39(早川書房),早川書房,2019/08/02
1959,心の恐怖(トマス・ウォルシュ),5.0:この手のクライムストーリーは読みたくない。,EQMM 1959/9 No.39(早川書房),早川書房,2019/08/02
1959,やがて走りくる人々(ハーバート・ブリーン),7.0:ちょっとした意外性が嬉しい。,EQMM 1959/9 No.39(早川書房),早川書房,2019/08/02
1959,真実の瞬間(ウェス・ルーピン),5.5:よくある話。,EQMM 1959/9 No.39(早川書房),早川書房,2019/08/02
1959,帽子から飛び出したうさぎ(クリスチアナ・ブランド),8.0:凝った構成で読ませる作品。,EQMM 1959/9 No.39(早川書房),早川書房,2019/08/02
1959,実地教育(エラリイ・クイーン),6.0:こんな真似ができる犯人なら、7ドルぽっちは取らないな。,EQMM 1959/10 No.40 特大号・ロバート・ブロック特集(早川書房),早川書房,2019/08/16
1959,紳士強盗イッチイ(ダシエル・ハメット),3.0:なんてつまらん話だ。,EQMM 1959/10 No.40 特大号・ロバート・ブロック特集(早川書房),早川書房,2019/08/16
1959,探しだされ読まれるために(ミリアム・アレン・ディフォード),5.0:暗いクライムストーリは好みでない。,EQMM 1959/10 No.40 特大号・ロバート・ブロック特集(早川書房),早川書房,2019/08/16
1959,二度目の蜜月(ブレット・ハリディ),6.5:悪くない構成だが、筋書きが読めてしまう。,EQMM 1959/10 No.40 特大号・ロバート・ブロック特集(早川書房),早川書房,2019/08/16
1959,罰せない殺人(ヒュー・ペンティコースト),7.5:舞台設定が面白い。ラストは少し見当がつくが。,EQMM 1959/10 No.40 特大号・ロバート・ブロック特集(早川書房),早川書房,2019/08/16
1959,好敵手(スタンリイ・エリン),7.0:この題材でここまで書く筆力はすごい。,EQMM 1959/10 No.40 特大号・ロバート・ブロック特集(早川書房),早川書房,2019/08/16
1959,屍を越えて(アンソニー・ギルバート),8.0:皮肉な結末が痛快。,EQMM 1959/10 No.40 特大号・ロバート・ブロック特集(早川書房),早川書房,2019/08/16
1959,静寂は叫ぶ(フレドリック・ブラウン),8.0:再読だけど、やはり秀作だと思う。,EQMM 1959/10 No.40 特大号・ロバート・ブロック特集(早川書房),早川書房,2019/08/16
1959,探偵が多すぎる(レックス・スタウト),7.0:ウルフ物はこの程度の長さが面白い。,EQMM 1959/10 No.40 特大号・ロバート・ブロック特集(早川書房),早川書房,2019/08/16
1959,ゾディアックス鉱山株事件(Ｈ・Ｃ・ベイリー),5.0:古臭い展開。,EQMM 1959/10 No.40 特大号・ロバート・ブロック特集(早川書房),早川書房,2019/08/16
1959,頭上の侏儒(ロバート・ブロック),6.5:イノックのイメージが印象に残る。頭が痒くなるようだ。,EQMM 1959/10 No.40 特大号・ロバート・ブロック特集(早川書房),早川書房,2019/08/16
1959,片道切符(ロバート・ブロック),6.0:今一つのオチだ。,EQMM 1959/10 No.40 特大号・ロバート・ブロック特集(早川書房),早川書房,2019/08/16
1959,瘤(ロバート・ブロック),8.0:ウィアドテールズ版人面疽だ。雰囲気が良い。,EQMM 1959/10 No.40 特大号・ロバート・ブロック特集(早川書房),早川書房,2019/08/16
1959,専用列車(スタンリイ・エリン),6.0:エリンにしては平凡な出来。,EQMM 1959/11 No.41(早川書房),早川書房,2019/08/25
1959,庭園の三人(ロード・ダンセイニ),6.0:ラストがちょっとあっけない。こんなモダンな作品も書いていたのか。,EQMM 1959/11 No.41(早川書房),早川書房,2019/08/25
1959,消えた子供(エラリイ・クイーン),6.5:小品ながら、ちょっと面白い趣向。検討はつくけど。,EQMM 1959/11 No.41(早川書房),早川書房,2019/08/25
1959,あなたならどうしますか(シャーロット・アームストロング),7.5:少し長すぎるきらいがあるが、緊張感を保っている。,EQMM 1959/11 No.41(早川書房),早川書房,2019/08/25
1959,だれか助けて(ヘレン・ニールスン),6.5:暗い話だが、最後のひねりは面白い。,EQMM 1959/11 No.41(早川書房),早川書房,2019/08/25
1959,10パーセントの殺人(ヘンリー・スレッサー),7.0:ラストは思わず笑ってしまう。,EQMM 1959/11 No.41(早川書房),早川書房,2019/08/25
1959,長い黒い影(ローズマリイ・ギボンズ),4.0:救いのない暗い話。,EQMM 1959/11 No.41(早川書房),早川書房,2019/08/25
1959,ゴースト・タウン(ジャック・シェーファー),6.5:検討はつくが、くすりとする作品。,EQMM 1959/11 No.41(早川書房),早川書房,2019/08/25
1959,心の扉(アラン・Ｅ・ナース),3.0:長くて、なんのひねりもないつまらん話。,EQMM 1959/11 No.41(早川書房),早川書房,2019/08/25
1959,死体置場(ダシール・ハメット),6.5:ちょっと難しいオチだな。今なら違う場所になったかな。,EQMM 1959/11 No.41(早川書房),早川書房,2019/08/25
1959,もし君が陪審員なら(トマス・フラナガン),7.5:奇妙な動機に皮肉な結末。この作家は筆力がある。,EQMM 1959/11 No.41(早川書房),早川書房,2019/08/25
1959,名探偵レオナルド・ダ・ヴィンチ(シオドア・マシスン),6.0:雰囲気はいいのだが、トリックがイメージできない。,EQMM 1959/11 No.41(早川書房),早川書房,2019/08/25
1959,ショウ・ビジネス(ロバート・ブロック),6.5:今の政治をみると頷ける話だ。,EQMM 1959/11 No.41(早川書房),早川書房,2019/08/25
1959,熊蜂の高飛び(ケム・ベネット),4.0:もう少しましなラストを考えてくれよ。,EQMM 1959/12 No.42(早川書房),早川書房,2019/09/10
1959,サンタ殺し(ターゲ・ラ・クール),5.0:ポアロのパロディ。あまり面白くない。,EQMM 1959/12 No.42(早川書房),早川書房,2019/09/10
1959,猟師のように(ウイリアム・Ｒ・ウィークス),4.0:長いわりには何を書きたいのかよくわからん。,EQMM 1959/12 No.42(早川書房),早川書房,2019/09/10
1959,地下に潜った男(マーク・ヴァン・ドーレン),3.0:こんな文学崩れは苦痛以外なにものでもない。この号、ここまでひどすぎる。,EQMM 1959/12 No.42(早川書房),早川書房,2019/09/10
1959,舌のつぶれた男(ローレンス・Ｇ・ブロックマン),6.0:大した出来ではないが、ようやくまともなミステリを読めた。,EQMM 1959/12 No.42(早川書房),早川書房,2019/09/10
1959,土曜の夜の殺人(Ｑ・パトリック),6.5:筋書きはわかるが、楽しい小品。,EQMM 1959/12 No.42(早川書房),早川書房,2019/09/10
1959,老人のような少年(ヘンリー・スレッサー),6.0:スレッサーにしてはシリアスすぎる話。,EQMM 1959/12 No.42(早川書房),早川書房,2019/09/10
1959,道ゆき(ロバート・Ｍ・コーツ),5.0:よくある展開でラストも陳腐。,EQMM 1959/12 No.42(早川書房),早川書房,2019/09/10
1959,未解決事件簿(リチャード・デミング),6.5:ちょっとした趣向で面白くは読める。,EQMM 1959/12 No.42(早川書房),早川書房,2019/09/10
1959,いつも他人(トマス・ウォルシュ),5.0:特に見せ場があるわけでなく平凡。,EQMM 1959/12 No.42(早川書房),早川書房,2019/09/10
1959,現場への招待(ジョージ・ハーモン・コックス),5.0:つまらない話。,EQMM 1959/12 No.42(早川書房),早川書房,2019/09/10
1959,老女の灯(Ｃ・Ｂ・ギルフォード),7.0:落語の「居残り」みたいな話で、妙におかしい。,EQMM 1959/12 No.42(早川書房),早川書房,2019/09/10
1960,住宅難(エラリイ・クイーン),6.0:平凡な出来だが後味が良い。,EQMM 1960/1 No.43(早川書房),早川書房,2019/09/14
1960,セラフィーナのいたずら(チャールズ・グリーン),7.5:前作もそうだが、楽しく読める作品。続けて読みたい作家だが、解説によれば在庫切れらしい。,EQMM 1960/1 No.43(早川書房),早川書房,2019/09/14
1960,真昼の決闘(ジョン・Ｂ・スター),6.5:なるほど、シリアスな記述にこのオチか。,EQMM 1960/1 No.43(早川書房),早川書房,2019/09/14
1960,ハリウッド・スタイルの殺人(スティーヴ・アレン),6.0:これを最初に使ったのは誰なのだろう。コロンボにもあったな。,EQMM 1960/1 No.43(早川書房),早川書房,2019/09/14
1960,ベッドタイム・ストーリイ(Ｊ・Ｍ・スターン),5.5:よくある話。,EQMM 1960/1 No.43(早川書房),早川書房,2019/09/14
1960,スクイズ・プレイ(マイケル・ギルバート),6.5:最後のシャレは、注釈なしにはわからないな。,EQMM 1960/1 No.43(早川書房),早川書房,2019/09/14
1960,紙きれ(ジェイムズ・Ｊ・ケリー),5.5:おちが今ひとつ決まっていない。,EQMM 1960/1 No.43(早川書房),早川書房,2019/09/14
1960,フロリダ旅行(ヘンリー・スレッサー),6.5:関西弁の翻訳は初めて読んだ。さほど効果的ではないが、妙におかしい。,EQMM 1960/1 No.43(早川書房),早川書房,2019/09/14
1960,犯罪ア・ラ・カルト(ジョン・ユージイン・ヘイスティ),7.5:でもおかしさなら、スレッサーよりこちらの作品のほうが断然上だ。落語のようなお話である。,EQMM 1960/1 No.43(早川書房),早川書房,2019/09/14
1960,明日には(ジョージ・ハーモン・コックス),7.0:うまくまとめた職人芸。後味もよい。,EQMM 1960/1 No.43(早川書房),早川書房,2019/09/14
1960,その絵を探せ(ロス・マクドナルド),6.0:中途半端な長さに平凡な謎。,EQMM 1960/1 No.43(早川書房),早川書房,2019/09/14
1960,警部の娘(コーネル・ウールリッチ),7.0:ウールリッチは焦燥感に駆られる男を書かせるとうまい。ラストでホッとさせるのも職人芸。,EQMM 1960/2 No.44 特大号(早川書房),早川書房,2019/09/30
1960,兇悪犯(ヘレン・ニールスン),6.5:展開は平凡だが、後味が良い話。,EQMM 1960/2 No.44 特大号(早川書房),早川書房,2019/09/30
1960,子供ごころ(ドロシー・ソールズベリ・デイヴィス),7.0:ラストは凄みがある。この作家を見直しました。,EQMM 1960/2 No.44 特大号(早川書房),早川書房,2019/09/30
1960,夢の影より(クレイグ・ライス),7.5:検討はつくが、謎の設定が楽しい。,EQMM 1960/2 No.44 特大号(早川書房),早川書房,2019/09/30
1960,名探偵ダニエル・デフォー(シオドア・マシスン),7.0:歴史上の実在人物を探偵にしたシリーズ物。いつも謎が弱いのだが、今回は犯人の動機がちょっと面白い。,EQMM 1960/2 No.44 特大号(早川書房),早川書房,2019/09/30
1960,駐車難(エラリイ・クイーン),6.0:いつものパズルより少し良いか。,EQMM 1960/2 No.44 特大号(早川書房),早川書房,2019/09/30
1960,運命の日(スタンリイ・エリン),6.0:ちょっとしたことが将来を決める。悲しいオチだ。,EQMM 1960/2 No.44 特大号(早川書房),早川書房,2019/09/30
1960,ベッツィーは生きている(ロバート・ブロック),7.0:ラストには意表を突かれた。,EQMM 1960/2 No.44 特大号(早川書房),早川書房,2019/09/30
1960,飢えた眼つき(マシュウ・ガント),5.0:貧乏くさいクライムストーリー。,EQMM 1960/2 No.44 特大号(早川書房),早川書房,2019/09/30
1960,戦士の星(マンリイ・ウェイド・ウェルマン),6.5:インディアン移住地での殺人という設定は面白いが、謎は平凡。,EQMM 1960/2 No.44 特大号(早川書房),早川書房,2019/09/30
1960,コーノトリと警官(トマス・ウォルシュ),6.0:悪い題材ではないのにごたついている。ベテランならもう少し上手く書いてくれ。,EQMM 1960/2 No.44 特大号(早川書房),早川書房,2019/09/30
1960,バイユーの老婦人(ジョルジュ・シムノン),7.5:トリックは途中でわかるが、面白く読める。,EQMM 1960/2 No.44 特大号(早川書房),早川書房,2019/09/30
1960,鰐皮のケース(ロイ・ヴィカーズ),6.0:犯行が露呈する部分は、証拠として弱いんじゃないか。,EQMM 1960/3 No.45(早川書房),早川書房,2019/10/03
1960,新しい主人(ロード・ダンセイニ),5.0:予想通りの結末。,EQMM 1960/3 No.45(早川書房),早川書房,2019/10/03
1960,海亀レース(ポール・Ｗ・フェアマン),4.0:つまらんホームドラマのようだ。,EQMM 1960/3 No.45(早川書房),早川書房,2019/10/03
1960,婦人警官(トマス・ウォルシュ),6.0:この作家がラブコメを書くとは。,EQMM 1960/3 No.45(早川書房),早川書房,2019/10/03
1960,メイデュウの行方(ヒュー・ペンティコースト),6.5:よくある設定だが、短くうまくまとまっている。,EQMM 1960/3 No.45(早川書房),早川書房,2019/10/03
1960,真夜中の電話(ウエンゼル・ブラウン),7.0:ラストのひねりが楽しい。,EQMM 1960/3 No.45(早川書房),早川書房,2019/10/03
1960,パパ・ポンサーの悲劇(ヴィンセント・スターレット),6.5:本をめぐるコント。後味が良い。,EQMM 1960/3 No.45(早川書房),早川書房,2019/10/03
1960,記憶の中の男(リリアン・キング),5.0:ひねりが足りない。,EQMM 1960/3 No.45(早川書房),早川書房,2019/10/03
1960,外の暗闇(ヘレン・マクロイ),7.5:これは長編ネタ。それゆえ書き込み不足の感があるが、意外性もあって楽しめた。もしかしたら何かの原型かな。,EQMM 1960/3 No.45(早川書房),早川書房,2019/10/03
1960,ついている時には(ダシール・ハメット),5.5:少し長くて中盤が退屈。ラストは笑ってしまう。,EQMM 1960/4 No.46 特大号・ハードボイルド特集(早川書房),早川書房,2019/10/13
1960,誤算(エミリイ・ジャクスン),3.0:全くつまらない。,EQMM 1960/4 No.46 特大号・ハードボイルド特集(早川書房),早川書房,2019/10/13
1960,ルイズヴィル・ブルース(アルバート・ジョンストン),3.0:これもひどい。なんのひねりもない。,EQMM 1960/4 No.46 特大号・ハードボイルド特集(早川書房),早川書房,2019/10/13
1960,感傷的な殺人(トマス・ミルステッド),7.0:ちょっとしたひねりでストーリーは冴える。,EQMM 1960/4 No.46 特大号・ハードボイルド特集(早川書房),早川書房,2019/10/13
1960,かくて砂漠に花咲かん(ローレン・グッド),3.0:相変わらず貧乏臭い話。,EQMM 1960/4 No.46 特大号・ハードボイルド特集(早川書房),早川書房,2019/10/13
1960,しぶとい男(トマス・ウォルシュ),5.0:類型的で古臭い。,EQMM 1960/4 No.46 特大号・ハードボイルド特集(早川書房),早川書房,2019/10/13
1960,結びの神の結婚生活(Ｃ・Ｂ・ギルフォード),7.0:話の進め方がうまい。ラストも妙におかしい。,EQMM 1960/4 No.46 特大号・ハードボイルド特集(早川書房),早川書房,2019/10/13
1960,記念日の贈物(ジョン・コリア),6.5:皮肉な結末は面白いが、そこまでが少し冗漫。,EQMM 1960/4 No.46 特大号・ハードボイルド特集(早川書房),早川書房,2019/10/13
1960,猫探し(Ａ・Ｈ・Ｚ・カー),7.5:こういう心温まるお話はいいな。ハードボイルド特集とは無縁だけど。,EQMM 1960/4 No.46 特大号・ハードボイルド特集(早川書房),早川書房,2019/10/13
1960,名探偵エルナンド・コルテス(シオドア・マシスン),6.0:相変わらず舞台設定は面白いが、ミステリとしてはつまらない。,EQMM 1960/4 No.46 特大号・ハードボイルド特集(早川書房),早川書房,2019/10/13
1960,見えざる掠奪者(マイケル・ギルバート),5.5:平凡な展開。,EQMM 1960/4 No.46 特大号・ハードボイルド特集(早川書房),早川書房,2019/10/13
1960,生きている腕輪(ロバート・ブロック),7.0:見開きのショートショートだが、ラストが面白い。,EQMM 1960/4 No.46 特大号・ハードボイルド特集(早川書房),早川書房,2019/10/13
1960,ギルモア・ガールズ(ウィット・マスタースン),7.5:テンポの良い展開とちょっとした意外性。さすがである。,EQMM 1960/4 No.46 特大号・ハードボイルド特集(早川書房),早川書房,2019/10/13
1960,実験室の悪魔(ケム・ベネット),4.0:オチがわかりません。,EQMM 1960/5 No.47(早川書房),早川書房,2019/10/19
1960,ソホ街の夜(フランク・スウィナトン),7.0:雰囲気がいい。,EQMM 1960/5 No.47(早川書房),早川書房,2019/10/19
1960,四辻の出会い(ドロシー・ソールズベリ・デイヴィス),3.0:つまらん話を長々と。,EQMM 1960/5 No.47(早川書房),早川書房,2019/10/19
1960,証拠書類(Ｃ・Ｓ・フォレスター),5.0:予想通りの展開,EQMM 1960/5 No.47(早川書房),早川書房,2019/10/19
1960,その手はくわない(ライアム・ベック),5.0:つまらない結末,EQMM 1960/5 No.47(早川書房),早川書房,2019/10/19
1960,韻を踏んだ犯罪(ロバート・ブロック),7.5:さすがに読ませる。作中の韻を踏んだ作品名が妙におかしい。,EQMM 1960/5 No.47(早川書房),早川書房,2019/10/19
1960,霧の夜の二輪馬車(バリイ・ペロウン),7.0:好きな作家。少し展開がスッキリしないが、雰囲気が良い。,EQMM 1960/5 No.47(早川書房),早川書房,2019/10/19
1960,強襲戦術(ヘレン・マクロイ),6.5:犯人はすぐわかる。心理分析めいた説明もしっくりこない。,EQMM 1960/5 No.47(早川書房),早川書房,2019/10/19
1960,ボクのホームズ伯父さん(ヒュー・ペンティコースト),7.0:謎はすぐわかるが、楽しい設定。,EQMM 1960/5 No.47(早川書房),早川書房,2019/10/19
1960,おれをクビにできない(フランク・グルーバー),7.0:後味の良い話だ。,EQMM 1960/5 No.47(早川書房),早川書房,2019/10/19
1960,蚤をたずねて(スタンリイ・エリン),6.5:蚤の擬人化がおかしい。,EQMM 1960/6 No.48 読者への挑戦 1等30000円(早川書房),早川書房,2019/10/25
1960,素晴らしき日(Ｐ・Ｇ・ウッドハウス),4.0:おちがわからん。,EQMM 1960/6 No.48 読者への挑戦 1等30000円(早川書房),早川書房,2019/10/25
1960,黄色いジャンパー(ロイ・ヴィカーズ),5.0:なんのひねりもない犯罪実話のようだ。,EQMM 1960/6 No.48 読者への挑戦 1等30000円(早川書房),早川書房,2019/10/25
1960,女心を識る男(Ａ・Ｈ・Ｚ・カー),7.0:ホームズばりの推理展開はなかなか。最後のオチにもうひと工夫欲しかった。,EQMM 1960/6 No.48 読者への挑戦 1等30000円(早川書房),早川書房,2019/10/25
1960,犯人はどいつだ(モートン・ウォルスン),7.0:中盤で検討はつくが、悪くない出来。,EQMM 1960/6 No.48 読者への挑戦 1等30000円(早川書房),早川書房,2019/10/25
1960,マーリニと嘘発見機(クレイトン・ロースン),6.0:「読者への挑戦」問題編。50号の解答編をカンニング。これは気が付かないといけないかも。,EQMM 1960/6 No.48 読者への挑戦 1等30000円(早川書房),早川書房,2019/10/25
1960,未亡人ポーチ(ジャック・フィニイ),6.5:面白い展開。題名が効いてくる。,EQMM 1960/6 No.48 読者への挑戦 1等30000円(早川書房),早川書房,2019/10/25
1960,弱点(Ｗ・Ｃ・キング),5.5:緊張感に乏しい。,EQMM 1960/6 No.48 読者への挑戦 1等30000円(早川書房),早川書房,2019/10/25
1960,危険な娘(ヒュー・ペンティコースト),7.5:軽快な展開で楽しく読める。ラストの意外性も悪くない。,EQMM 1960/6 No.48 読者への挑戦 1等30000円(早川書房),早川書房,2019/10/25
1960,殺人者の花嫁(Ｅ・Ｓ・ガードナー),6.5:よくある構成なのに、後味良く読ませるのはさすがだ。,EQMM 1960/7 No.49 読者への挑戦 第2弾(早川書房),早川書房,2019/10/30
1960,名探偵アレクサンダー大王(シオドア・マシスン),8.0:舞台設定で確実に読ませるシリーズだが、今回は謎解きも面白い。,EQMM 1960/7 No.49 読者への挑戦 第2弾(早川書房),早川書房,2019/10/30
1960,漁夫の利(マイケル・ギルバート),7.0:ちょっと意外な結末が良い。,EQMM 1960/7 No.49 読者への挑戦 第2弾(早川書房),早川書房,2019/10/30
1960,その銀貨をすてるな(リンク・クロイセン),5.0:これでリドルストーリーとは無理がある。趣向倒れ。,EQMM 1960/7 No.49 読者への挑戦 第2弾(早川書房),早川書房,2019/10/30
1960,夜(レイ・ブラッドベリ),6.0:二人称のファンタシー。わたしの感性には響きません。,EQMM 1960/7 No.49 読者への挑戦 第2弾(早川書房),早川書房,2019/10/30
1960,アプルビイ氏のみごとな世界(スタンリイ・エリン),6.5:皮肉な結末は面白いが、エリンにしてはもう一つかな。,EQMM 1960/7 No.49 読者への挑戦 第2弾(早川書房),早川書房,2019/10/30
1960,真夜中のアリバイ(デイモン・ラニアン),8.0:軽妙な語り口におとぎ話のような展開、ラストでくすりと笑わせるオチ、楽しい作品。,EQMM 1960/7 No.49 読者への挑戦 第2弾(早川書房),早川書房,2019/10/30
1960,消えたダイヤモンド(クレイトン・ロースン),7.0:「読者への挑戦第2弾」問題編。51号をカンニング。この隠し場所は面白い。しかし手が疲れるだろうな。,EQMM 1960/7 No.49 読者への挑戦 第2弾(早川書房),早川書房,2019/10/30
1960,暗闇の黒帽子(ダシール・ハメット),5.0:短い枚数にストーリーを詰め込み過ぎ。,EQMM 1960/7 No.49 読者への挑戦 第2弾(早川書房),早川書房,2019/10/30
1960,神父(アーウィン・ショウ),4.0:何が言いたいのかわからない。,EQMM 1960/7 No.49 読者への挑戦 第2弾(早川書房),早川書房,2019/10/30
1960,子守り(アーネスト・ハリスン),7.5:見開き2ページなのだが、ラストはちょっと驚いた。,EQMM 1960/7 No.49 読者への挑戦 第2弾(早川書房),早川書房,2019/10/30
1960,追憶の時(ウェイド・ミラー),7.0:なるほどこの趣向だったのか。うまい作家である。,EQMM 1960/7 No.49 読者への挑戦 第2弾(早川書房),早川書房,2019/10/30
1960,敵(シャーロット・アームストロング),6.0:少し長すぎる。たかが犬殺しで、こんな大げさな騒ぎにはなるまい。,EQMM 1960/7 No.49 読者への挑戦 第2弾(早川書房),早川書房,2019/10/30
1960,べっこうの櫛(ロイ・ヴィカーズ),6.5:神経質な主人公と皮肉な結末が効いている。,EQMM 1960/7 No.49 読者への挑戦 第2弾(早川書房),早川書房,2019/10/30
1960,内幕話(コーネル・ウールリッチ),6.0:ありがちな筋書きだが、ラストはクスリとさせる。,EQMM 1960/8 No.50 50号記念特大号・ウールリッチ特集・読者への挑戦 第3弾(早川書房),早川書房,2019/11/06
1960,だれかの電話(ウイリアム・アイリッシュ),5.5:今ひとつ落ちが効いていない。,EQMM 1960/8 No.50 50号記念特大号・ウールリッチ特集・読者への挑戦 第3弾(早川書房),早川書房,2019/11/06
1960,グラントの墓にあった死体(コーネル・ウールリッチ),6.5:後味の良い物語だが、もう少しひねりが欲しかった。,EQMM 1960/8 No.50 50号記念特大号・ウールリッチ特集・読者への挑戦 第3弾(早川書房),早川書房,2019/11/06
1960,煙の環(クレイグ・ライス),7.5:見開き２ページの落語。妙にツボにはまった。笑えます。,EQMM 1960/8 No.50 50号記念特大号・ウールリッチ特集・読者への挑戦 第3弾(早川書房),早川書房,2019/11/06
1960,これが人生だ(シャーリイ・ジャクスン),6.5:少年と女のやり取りが良い。,EQMM 1960/8 No.50 50号記念特大号・ウールリッチ特集・読者への挑戦 第3弾(早川書房),早川書房,2019/11/06
1960,徘徊巡査(トマス・ウォルシュ),5.5:少しごたついている。,EQMM 1960/8 No.50 50号記念特大号・ウールリッチ特集・読者への挑戦 第3弾(早川書房),早川書房,2019/11/06
1960,さよなら、ハナ(スティーヴ・フィッシャー),4.0:何が書きたいのかよくわからん。,EQMM 1960/8 No.50 50号記念特大号・ウールリッチ特集・読者への挑戦 第3弾(早川書房),早川書房,2019/11/06
1960,音響効果殺人事件(クレイトン・ロースン),5.5:解決編をカンニング。これはわかりません。,EQMM 1960/8 No.50 50号記念特大号・ウールリッチ特集・読者への挑戦 第3弾(早川書房),早川書房,2019/11/06
1960,仮装殺人(ベン・ヘクト),8.0:筋書きは少し読めるが、変人心理学者の推理とストーリー展開が面白い。読者を安心させるラストもよい。,EQMM 1960/8 No.50 50号記念特大号・ウールリッチ特集・読者への挑戦 第3弾(早川書房),早川書房,2019/11/06
1960,小説エラリイ・クイーンズ ミステリ・マガジン(注)(都筑道夫),5.0:はっきり言って見劣りします。,EQMM 1960/8 No.50 50号記念特大号・ウールリッチ特集・読者への挑戦 第3弾(早川書房),早川書房,2019/11/06
1960,狩猟日和り(ヒュー・ペンティコースト),7.0:少年と犬が出てくる話は鉄板だ。ミステリ的に今一つなのが残念。,EQMM 1960/8 No.50 50号記念特大号・ウールリッチ特集・読者への挑戦 第3弾(早川書房),早川書房,2019/11/06
1960,青い殺し屋(ウィルバー・Ｄ・スティール),4.0:つまらない。,EQMM 1960/8 No.50 50号記念特大号・ウールリッチ特集・読者への挑戦 第3弾(早川書房),早川書房,2019/11/06
1960,手のうちにある殺人(ロイ・ヴィカーズ),5.0:この作家の作風は、ラストにひとひねりないと面白くない。,EQMM 1960/8 No.50 50号記念特大号・ウールリッチ特集・読者への挑戦 第3弾(早川書房),早川書房,2019/11/06
1960,殺人犯にご用心(クェンティン・レナルズ),6.0:ラストは少し面白いが、予想通りの終わり方だ。,EQMM 1960/8 No.50 50号記念特大号・ウールリッチ特集・読者への挑戦 第3弾(早川書房),早川書房,2019/11/06
1960,恥目家の亡霊(安永一郎),5.0:英訳して恥をかかないで良かった。,EQMM 1960/8 No.50 50号記念特大号・ウールリッチ特集・読者への挑戦 第3弾(早川書房),早川書房,2019/11/06
1960,うまい話(結城昌治),7.5:軽妙なタッチから最後は怪談風。少し検討はつくもののよくできている。成長したなあ。,EQMM 1960/8 No.50 50号記念特大号・ウールリッチ特集・読者への挑戦 第3弾(早川書房),早川書房,2019/11/06
1960,最後のさよなら(クレイグ・ライス),6.0:マローンが出てくるだけで楽しいが、謎が平凡すぎた。,EQMM 1960/9 No.51 読者への挑戦 第4弾(早川書房),早川書房,2019/11/08
1960,声なき密告者(ヘレン・マクロイ),7.0:犬の習性を利用したプロットが面白い。,EQMM 1960/9 No.51 読者への挑戦 第4弾(早川書房),早川書房,2019/11/08
1960,婦人科刑事(トマス・ウォルシュ),6.0:平凡な展開だが、後味は良い。,EQMM 1960/9 No.51 読者への挑戦 第4弾(早川書房),早川書房,2019/11/08
1960,良心(エルマー・ライス),6.5:落ちはなかなか面白い。,EQMM 1960/9 No.51 読者への挑戦 第4弾(早川書房),早川書房,2019/11/08
1960,帰り道(シャーロット・アームストロング),6.5:面白い展開で読ませる。,EQMM 1960/9 No.51 読者への挑戦 第4弾(早川書房),早川書房,2019/11/08
1960,しゃれの秘密(？？？),5.0:作者がわからないようにつまらん作品を選んだのか。(注),EQMM 1960/9 No.51 読者への挑戦 第4弾(早川書房),早川書房,2019/11/08
1960,くらがりの男への手紙(横山藤衛),6.0:ちょっとしたひねりはあるが、大した出来ではない。入選は難しいですね。,EQMM 1960/9 No.51 読者への挑戦 第4弾(早川書房),早川書房,2019/11/08
1960,マンハッタンの殺人(ヒュー・ペンティコースト),8.5:すごく面白いぞ。一人称の主人公とそのまわりの人間模様がうまく書かれているし、ラストにひとひねりもある。,EQMM 1960/9 No.51 読者への挑戦 第4弾(早川書房),早川書房,2019/11/08
1960,「カラーに口紅(コーネル・ウールリッチ),5.0:話はつまらないし、長すぎる。,EQMM 1960/10 No.52 特大号・ハードボイルド特集(早川書房),早川書房,2019/11/23
1960,ひとりぼっち(ヒュー・ペンティコースト),6.5:少し意外な展開だが、伏線が効いていない。,EQMM 1960/10 No.52 特大号・ハードボイルド特集(早川書房),早川書房,2019/11/23
1960,うぶな心が張り裂ける(クレイグ・ライス),8.0:テンポよく進むマローン物。でも、トリックはこれしかないな。「密室殺人傑作選」で読んだ記憶があるが、内容はすっかり忘れていた。,EQMM 1960/10 No.52 特大号・ハードボイルド特集(早川書房),早川書房,2019/11/23
1960,闇を這う手(Ｌ・Ｊ・ビーストン),5.0:ビーストンにしてはひねりがないな。,EQMM 1960/10 No.52 特大号・ハードボイルド特集(早川書房),早川書房,2019/11/23
1960,夜の虎(エリザー・リプスキイ),5.0:ちょっと宗教臭さを感じるし、そもそもミステリではない。,EQMM 1960/10 No.52 特大号・ハードボイルド特集(早川書房),早川書房,2019/11/23
1960,頭紋(バリイ・ペロウン),7.0:面白い設定で読ませる。,EQMM 1960/10 No.52 特大号・ハードボイルド特集(早川書房),早川書房,2019/11/23
1960,誰かと、誰かが…(Ａ・Ｈ・Ｚ・カー),6.5:この作家にしては今ひとつ盛り上がらない。,EQMM 1960/10 No.52 特大号・ハードボイルド特集(早川書房),早川書房,2019/11/23
1960,陽は昇らず(スティーヴ・フィッシャー),7.5:物悲しい話である。大戦下の上海を舞台にしたオチも効いている。,EQMM 1960/10 No.52 特大号・ハードボイルド特集(早川書房),早川書房,2019/11/23
1960,大立物(ブレット・ハリディ),7.5:独特の語り口で展開される物語が良い。,EQMM 1960/10 No.52 特大号・ハードボイルド特集(早川書房),早川書房,2019/11/23
1960,ヌーン街で拾ったもの(レイモンド・チャンドラー),4.0:何というつまらない話だ。,EQMM 1960/10 No.52 特大号・ハードボイルド特集(早川書房),早川書房,2019/11/23
1960,牧師のたのしみ(ロアルド・ダール),8.0:さすがダール。皮肉な結末で笑わせてくれる。,EQMM 1960/11 No.53(早川書房),早川書房,2019/11/30
1960,前奏曲の創作者(エイヴラム・デイヴィッドスン),7.0:ラストのひねりが面白い。,EQMM 1960/11 No.53(早川書房),早川書房,2019/11/30
1960,疲れた馬(ベン・ヘクト),6.5:皮肉な結末が面白い。,EQMM 1960/11 No.53(早川書房),早川書房,2019/11/30
1960,月曜日の手紙( マイケル・ギルバート),5.0:行動の動機がわからん。,EQMM 1960/11 No.53(早川書房),早川書房,2019/11/30
1960,夫は年をとらない(アレックス・オースチン),5.0:何のひねりもない。,EQMM 1960/11 No.53(早川書房),早川書房,2019/11/30
1960,ならずものギャラリイ(マッキンレイ・カンター),6.5:手製モンタージュだな。,EQMM 1960/11 No.53(早川書房),早川書房,2019/11/30
1960,衣裳戸棚にいた男(パトリシア・ノウルトン),6.0:オチはくすっとさせる。,EQMM 1960/11 No.53(早川書房),早川書房,2019/11/30
1960,復讐は我にあり(Ｂ・Ｍ・アトキンスン・ジュニア),7.5:こういうバカバカしい話は大好きだ。,EQMM 1960/11 No.53(早川書房),早川書房,2019/11/30
1960,ソック・フィニッシュ(ロバート・ブロック),6.0:面白くなりそうな題材なのに、平凡な結末が残念。,EQMM 1960/11 No.53(早川書房),早川書房,2019/11/30
1960,名ゴルファーの死(ヒュー・ペンティコースト),7.5:主人公である若手貧乏ゴルファーの正義感には好感が持てるが、真相が少し暗い。でもペンティコーストは見直しています。どれも面白く読める。,EQMM 1960/11 No.53(早川書房),早川書房,2019/11/30
1960,女主人(ロアルド・ダール),6.5:筋書きは読めてしまう。,EQMM 1960/12 No.54 -特大号・ロアルド・ダール特集(早川書房),早川書房,2019/12/06
1960,ほしぶどう作戦(ロアルド・ダール),7.5:密漁のホラ話が楽しい。ラストも視覚的だ。,EQMM 1960/12 No.54 -特大号・ロアルド・ダール特集(早川書房),早川書房,2019/12/06
1960,過去をたずねて(ジョルジュ・シムノン),5.0:辛気臭い話だ。,EQMM 1960/12 No.54 -特大号・ロアルド・ダール特集(早川書房),早川書房,2019/12/06
1960,イエスか、死か(ルーファス・キング),5.0:何のオチにもなっていないぞ。,EQMM 1960/12 No.54 -特大号・ロアルド・ダール特集(早川書房),早川書房,2019/12/06
1960,妻が殺されれば(ジョージ・ハーモン・コックス),7.5:登場人物の配置もうまいし、楽しく読める。ただ、ラストが少しくどい。,EQMM 1960/12 No.54 -特大号・ロアルド・ダール特集(早川書房),早川書房,2019/12/06
1960,誕生日のダイア(バリイ・ペロウン),7.5:この作家はどれも面白いが、ラッフルズ物は特に良い。,EQMM 1960/12 No.54 -特大号・ロアルド・ダール特集(早川書房),早川書房,2019/12/06
1960,犬のお悔やみ(ジョン・コリア),6.0:ラストは今ひとつ拍子抜け。,EQMM 1960/12 No.54 -特大号・ロアルド・ダール特集(早川書房),早川書房,2019/12/06
1960,いつまでねんねじゃいられない(スタンリイ・エリン),6.5:少し長すぎるし、あまり意外性もない。,EQMM 1960/12 No.54 -特大号・ロアルド・ダール特集(早川書房),早川書房,2019/12/06
1960,ミストラル吹く殺人(ゴードン・ギャスキル),8.0:昔好きだったギャスキル。４０年以上経過した再読も楽しかった。ミステリ的にも良くできています。,EQMM 1960/12 No.54 -特大号・ロアルド・ダール特集(早川書房),早川書房,2019/12/06
1961,七つの大徳(スタンリイ・エリン),6.0:あまりピンとこない落ちだった。,EQMM 1961/1 No.55 新年号(早川書房),早川書房,2019/12/21
1961,名探偵ドン・ミゲール・デ・セルバンテス(シオドー・マシスン),7.0:謎は小粒だが楽しく読めるシリーズ。,EQMM 1961/1 No.55 新年号(早川書房),早川書房,2019/12/21
1961,ボロいもうけ(エヴァン・ハンター),6.0:詐欺の手法は面白いが結末は平凡。,EQMM 1961/1 No.55 新年号(早川書房),早川書房,2019/12/21
1961,いつも助けてくれる人(トマス・ウォルシュ),6.0:この作家は題材は良いのに、今ひとつうまくまとめきれない。,EQMM 1961/1 No.55 新年号(早川書房),早川書房,2019/12/21
1961,サムの吉日(ジョンストン・マッカリイ),7.5:二重のひねりで楽しく読める。,EQMM 1961/1 No.55 新年号(早川書房),早川書房,2019/12/21
1961,火星の犯罪(アーサー・Ｃ・クラーク),5.0:思わせぶりな展開だけで、しっくりこない。,EQMM 1961/1 No.55 新年号(早川書房),早川書房,2019/12/21
1961,厄日のドライヴ(ウェイド・ミラー),6.5:面白いプロットなのだが、まとめていく過程が今ひとつ,EQMM 1961/1 No.55 新年号(早川書房),早川書房,2019/12/21
1961,こそ泥と老嬢(ロバート・アーサー),8.0:これは痛快で笑わせる。,EQMM 1961/1 No.55 新年号(早川書房),早川書房,2019/12/21
1961,殺しに鵜のまねは通用しない(レイモンド・チャンドラー),4.0:古臭くてつまらんギャング小説。,EQMM 1961/1 No.55 新年号(早川書房),早川書房,2019/12/21
1961,キャロル事件(エラリイ・クイーン),8.0:最後までサスペンスフルな展開で読ませる。,EQMM 1961/2 No.56 特大号(早川書房),早川書房,2020/01/02
1961,百萬ドルのミステリ(モーリス・プロクター),3.0:話がごたついていて展開かわからない。つまらん。,EQMM 1961/2 No.56 特大号(早川書房),早川書房,2020/01/02
1961,スキー殺人事件(ゴードン・ギャスキル),6.5:舞台設定は面白いが、話を詰め込みすぎ。ミステリ的に見れば、登場人物が多すぎて焦点が絞れない。,EQMM 1961/2 No.56 特大号(早川書房),早川書房,2020/01/02
1961,邪道(ヘンリー・スレッサー),5.0:オチはすぐわかる。,EQMM 1961/2 No.56 特大号(早川書房),早川書房,2020/01/02
1961,趣味はスリル(パトリシア・ハイスミス),4.0:平凡な展開でひねりもなし。とりえもなし。,EQMM 1961/2 No.56 特大号(早川書房),早川書房,2020/01/02
1961,ブラグデン教授の憂鬱(アーサー・ゴードン),4.0:犬との確執話。つまらない。,EQMM 1961/2 No.56 特大号(早川書房),早川書房,2020/01/02
1961,千慮の一失(Ｆ・Ｗ・クロフツ),5.5:「殺人者はへまをする」ということ。,EQMM 1961/2 No.56 特大号(早川書房),早川書房,2020/01/02
1961,彫像になった泥棒(ジェラルド・カーシュ),6.0:盗みの手口が笑わせる。,EQMM 1961/2 No.56 特大号(早川書房),早川書房,2020/01/02
1961,女が家を出る時(ウイリアム・アイリッシュ),9.0:高校のときに感心し、気づかずに英語で再読したときも面白かった。さすがに今回は筋を覚えていたけど、やはり傑作。アイリッシュ(ウールリッチ)の作品では一番好きだ。配点は思い出(+0.5)加点。,EQMM 1961/2 No.56 特大号(早川書房),早川書房,2020/01/02
1961,メグレほとんど最後の事件(トーマ・ナルスジャック),6.0:後半の展開が少し急で、まとまらない。,EQMM 1961/3 No.57 パロディ特集(早川書房),早川書房,2020/01/04
1961,編集者を憎む男(リック・ルービン),5.0:ありふれたプロット。,EQMM 1961/3 No.57 パロディ特集(早川書房),早川書房,2020/01/04
1961,三人の老嬢(マッキンレイ・カンター),6.5:トリックは大したことはないが、面白く読ませる筆力に感心。,EQMM 1961/3 No.57 パロディ特集(早川書房),早川書房,2020/01/04
1961,血圧(デイモン・ラニアン),6.5:傍若無人な奴のとんでもない行動と、ラストが笑える。,EQMM 1961/3 No.57 パロディ特集(早川書房),早川書房,2020/01/04
1961,名探偵、フローレンス・ナイチンゲール(シオドー・マシスン),8.0:毎回楽しく読めるシリーズ物だが、今回は犯人設定などミステリとしても優れている。,EQMM 1961/3 No.57 パロディ特集(早川書房),早川書房,2020/01/04
1961,スティーヴ・アレン・ショウのアリバイ(Ｏ・Ｈ・レスリー),6.0:才人スレッサーなら、もう少し面白いオチを考えてほしかった。,EQMM 1961/3 No.57 パロディ特集(早川書房),早川書房,2020/01/04
1961,昔通りに…(イレイン・スレイター),5.0:なんとなくわかるが、もう少し明確に書くべきでしょう。,EQMM 1961/3 No.57 パロディ特集(早川書房),早川書房,2020/01/04
1961,市役所殺人事件(Ａ・Ｈ・Ｚ・カー),6.5:ストレートな本格物。でも、この作者の持ち味ではない気もする。,EQMM 1961/3 No.57 パロディ特集(早川書房),早川書房,2020/01/04
1961,一握の土(Ａ・Ｈ・Ｚ・カー),5.0:何か宗教臭くて、訳のわからない話。,EQMM 1961/4 No.58 特大号(早川書房),早川書房,2020/01/11
1961,レーモンド事件の秘密(Ｆ・Ｓ・フィッツジェラルド),4.0:フィッツジェラルド13才の時の作品らしい。習作でしょう。,EQMM 1961/4 No.58 特大号(早川書房),早川書房,2020/01/11
1961,ロング・ショット(エラリイ・クイーン),6.0:後味の良さは悪くないが、ミステリとしては平凡。,EQMM 1961/4 No.58 特大号(早川書房),早川書房,2020/01/11
1961,名探偵ウマル・ハイヤーム(シオドー・マシスン),7.5:相変わらず楽しいシリーズ。今回は不可能犯罪。設定は面白いが、解決はなんとか辻褄を合わせたという感じ。,EQMM 1961/4 No.58 特大号(早川書房),早川書房,2020/01/11
1961,ガテマラに死す(フランシス・クレイン),5.5:オチに繋がるまでの展開が今ひとつ。,EQMM 1961/4 No.58 特大号(早川書房),早川書房,2020/01/11
1961,裏階段(ハル・エルスン),4.0:よくある二重人格物。もはや古い。,EQMM 1961/4 No.58 特大号(早川書房),早川書房,2020/01/11
1961,ニュー・フェイス殺人事件(パトリック・クェンティン),7.5:前半、有名俳優の名前を出しながらダルースの大物ぶりを描き、後半のミステリに繋いでいく手法はさすがだ。,EQMM 1961/4 No.58 特大号(早川書房),早川書房,2020/01/11
1961,ジョン・ハーネッドの錯乱(ジャック・ロンドン),6.5:闘牛場とバーネットの感情描写は迫力がある。,EQMM 1961/4 No.58 特大号(早川書房),早川書房,2020/01/11
1961,ドヤ街の人々(エイヴラム・デイヴィッドスン),4.0:暗くて辛気臭い話。,EQMM 1961/4 No.58 特大号(早川書房),早川書房,2020/01/11
1961,死の払い戻し(ブレット・ハリディ),5.5:シェーン物の事実上初紹介にしては、あまり面白くない。ポケミス発売の景気付けにはならなかったね。,EQMM 1961/4 No.58 特大号(早川書房),早川書房,2020/01/11
1961,血の報酬 第一部 大きな女(ダシール・ハメット),2.0:ごたごたしていて、騒々しいだけ。何というつまらない話だ。読み切るのに苦労した。,EQMM 1961/4 No.58 特大号(早川書房),早川書房,2020/01/11
1961,あぶれ者パーティ(ヒュー・ペンティコースト),7.5:短い中で人物と田舎社会の描写がうまい。安心して読める作家だ。,EQMM 1961/5 No.59 歴史ミステリ特集(早川書房),早川書房,2020/01/17
1961,夢の猫(リチャード・ロックリッジ & フランシス・ロックリッジ),5.0:猫の目の思いつきだけで書いた感じ。,EQMM 1961/5 No.59 歴史ミステリ特集(早川書房),早川書房,2020/01/17
1961,延着九時間(ハーバート・ブリーン),8.0:バス内の殺人という舞台も面白いし、犯人の設定にも説得力がある。もう少し書き込んだら良かったのに。,EQMM 1961/5 No.59 歴史ミステリ特集(早川書房),早川書房,2020/01/17
1961,鏡もて見るごとく(ヘレン・マクロイ),7.5:「暗い鏡の中に」の短編版。謎は素晴らしいが、解決はこれしかない。,EQMM 1961/5 No.59 歴史ミステリ特集(早川書房),早川書房,2020/01/17
1961,世界一のお尋ねもの(デイモン・ラニアン),8.0:人物像が楽しい。ラストも笑わせてくれる。,EQMM 1961/5 No.59 歴史ミステリ特集(早川書房),早川書房,2020/01/17
1961,刑事、女難!(Ｃ・Ｂ・ギルフォード),7.5:ネジが一本外れたような老嬢の話は、どれも面白い。,EQMM 1961/5 No.59 歴史ミステリ特集(早川書房),早川書房,2020/01/17
1961,スミス氏奮闘す(フレドリック・ブラウン),7.5:さすがブラウン、このトリックには笑った。,EQMM 1961/5 No.59 歴史ミステリ特集(早川書房),早川書房,2020/01/17
1961,正直こそわがモットー(フランク・グルーバー),6.5:ラストが今ひとつだが、楽しく読めた。,EQMM 1961/5 No.59 歴史ミステリ特集(早川書房),早川書房,2020/01/17
1961,名探偵スタンレーとリヴィングストン(シオドー・マシスン),6.5:毎回凝った舞台設定が楽しい。今回はミステリ的にはすっきりしない。,EQMM 1961/5 No.59 歴史ミステリ特集(早川書房),早川書房,2020/01/17
1961,名探偵ダニエル・ブーン(シオドー・マシスン),6.0:同上。2編続けて読むと、新鮮味にかける。,EQMM 1961/5 No.59 歴史ミステリ特集(早川書房),早川書房,2020/01/17
1961,探偵物語(ビリイ・ローズ),6.0:ページ見開きのちょっとした小話。,EQMM 1961/5 No.59 歴史ミステリ特集(早川書房),早川書房,2020/01/17
1961,血の報酬 第二部 小柄な老人(ダシール・ハメット),2.0:ひたすら耐えた。,EQMM 1961/5 No.59 歴史ミステリ特集(早川書房),早川書房,2020/01/17
1961,隣り独房(ヘンリー・スレッサー),7.0:スピーディな展開で読ませるが、ラストは少し見当がつく。,EQMM 1961/6 No.60(早川書房),早川書房,2020/01/25
1961,風に乗る(ルーファス・キング),6.5:スター博士の人間味溢れる解決は悪くない。,EQMM 1961/6 No.60(早川書房),早川書房,2020/01/25
1961,ブロンドは誰か?(ジョン・Ｄ・マクドナルド),7.5:盗難疑惑をかけられた銀行員と彼を信じる妻。後味の良い話。,EQMM 1961/6 No.60(早川書房),早川書房,2020/01/25
1961,タブー(ジェフリー・ハウスホールド),7.0:少しゾッとするオチがいい。,EQMM 1961/6 No.60(早川書房),早川書房,2020/01/25
1961,穴(コーネル・ウールリッチ),5.0:オチが見え見えだ。,EQMM 1961/6 No.60(早川書房),早川書房,2020/01/25
1961,赤い蘭(トーマ・ナルスジャック),4.0:レベルの低い贋作。,EQMM 1961/6 No.60(早川書房),早川書房,2020/01/25
1961,褐色のセダン(マッキンレイ・カンター),6.0:リズム感が良い作品だが、オチは日本人にはわからない。,EQMM 1961/6 No.60(早川書房),早川書房,2020/01/25
1961,翡翠のリンゴ(ジョゼフ・シアリング),3.0:つまらん話を長々と聞かされた。,EQMM 1961/6 No.60(早川書房),早川書房,2020/01/25
1961,拳銃は暴発しやすい(シャーロット・アームストロング),7.0:TVドラマのシナリオのような作品。読者を引っ張っていく筆力には感心するが、映像のほうが面白くなっただろう。,EQMM 1961/6 No.60(早川書房),早川書房,2020/01/25
1961,私が死んだ夜(コーネル・ウールリッチ),5.0:暗くて辛気臭い話は好みでない。,EQMM 1961/7 No.61(早川書房),早川書房,2020/02/06
1961,「沈黙」売ります(ドン・ノウルトン),6.5:スレッサーばりの展開だが、ラストは少し説得力に欠ける。,EQMM 1961/7 No.61(早川書房),早川書房,2020/02/06
1961,クォーター・デッキ・クラブ(レスリー・チャータリス),6.5:良いテンポで進む職人芸。ちょっとした意外性もいい。,EQMM 1961/7 No.61(早川書房),早川書房,2020/02/06
1961,不調和のイメージ(ダシール・ハメット),6.0:素人詩人探偵が銀行強盗を推理する話。ハメットらしからぬ本格物である。未掲載の習作をEQが買い取ったらしい。,EQMM 1961/7 No.61(早川書房),早川書房,2020/02/06
1961,走り続ける男(ウォルト・シェルドン),2.0:なんだこれは。日本に住んでいる外人というだけで載せたのか。,EQMM 1961/7 No.61(早川書房),早川書房,2020/02/06
1961,なにかが破れる(ノーマン・ダニエルズ),5.0:どうも納得できる結末ではない。,EQMM 1961/7 No.61(早川書房),早川書房,2020/02/06
1961,七五郎女難(結城昌治),7.0:ペリー・メイスン物との連携で楽しく読めた。,EQMM 1961/7 No.61(早川書房),早川書房,2020/02/06
1961,心天斬魔剣(稲葉由紀),4.0:全くつまらない。,EQMM 1961/7 No.61(早川書房),早川書房,2020/02/06
1961,指紋は偽らず(スチュアート・パーマー),6.5:少し筋立てが複雑。指紋トリックは笑うが、見破られたら致命的だね。,EQMM 1961/7 No.61(早川書房),早川書房,2020/02/06
1961,ダイヤモンド泥棒(メアリイ・ホッキング),8.0:知らない作家だが、舞台設定の面白さと早い展開で楽しく読める。陽気な女主人公がいいぞ。,EQMM 1961/7 No.61(早川書房),早川書房,2020/02/06
1961,疑う余地なし(ビリイ・ローズ),8.0:2ページ程度のショートショートだが、オチが決まった。,EQMM 1961/7 No.61(早川書房),早川書房,2020/02/06
1961,ゴムの楔(ヒュー・ペンティコースト),8.0:このところご贔屓のペンティコースト。この作品も巧みに人物関係を描き、面白く読ませる。,EQMM 1961/7 No.61(早川書房),早川書房,2020/02/06
1961,柳のある道(シンクレア・ルイス),5.0:後半が宗教臭い話になってしまった。,EQMM 1961/8 No.62(早川書房),早川書房,2020/02/12
1961,国のしきたり(トマス・フラナガン),8.0:やはりフラナガンは読ませる。密輸のからくりも考えられている。,EQMM 1961/8 No.62(早川書房),早川書房,2020/02/12
1961,オバディアの遺産(スティーヴ・フレイジー),4.0:後半の展開がくどくてつまらない。,EQMM 1961/8 No.62(早川書房),早川書房,2020/02/12
1961,青髭七人目の妻(ウイリアム・アイリッシュ),6.0:終盤の展開は何のひねりもなく平凡。,EQMM 1961/8 No.62(早川書房),早川書房,2020/02/12
1961,死んではつまらない(ヒュー・ペンティコースト),6.0:ペンティコーストにしてはキレがない。平凡な出来だ。,EQMM 1961/8 No.62(早川書房),早川書房,2020/02/12
1961,礼節をもって死す(ジェフリー・ハウスホールド),2.0:全くつまらない話。,EQMM 1961/8 No.62(早川書房),早川書房,2020/02/12
1961,デリケートな殺人者(ネドラ・タイア),4.0:言葉遊びだけで面白みがない。,EQMM 1961/8 No.62(早川書房),早川書房,2020/02/12
1961,鮭みたいな(マッキンレイ・カンター),6.5:変なギリシャ人の謎解きが楽しい。,EQMM 1961/8 No.62(早川書房),早川書房,2020/02/12
1961,他人の毒薬(Ｑ・パトリック),8.0:医師の毒殺事件を追うヒロイン。後半の展開はサスペンスフルだ。,EQMM 1961/8 No.62(早川書房),早川書房,2020/02/12
1961,決定的なひとひねり(Ａ・Ｈ・Ｚ・カー),6.5:それほどのひねりがあるわけではない。,EQMM 1961/9 No.63 西部小説特集(早川書房),早川書房,2020/02/21
1961,殺人のルール(ジャック・フィニイ),7.5:素人探偵アニーの変な推理が楽しい。,EQMM 1961/9 No.63 西部小説特集(早川書房),早川書房,2020/02/21
1961,謎の足跡(ロバート・アーサー),8.5:ミステリとしてもホームズ物のパロディとしてもよく出来ている。,EQMM 1961/9 No.63 西部小説特集(早川書房),早川書房,2020/02/21
1961,恋愛スポーツマン(エミリイ・ネフ),4.0:ありふれた趣向でつまらない話。,EQMM 1961/9 No.63 西部小説特集(早川書房),早川書房,2020/02/21
1961,黒い円盤(ヘレン・マクロイ),7.5:速い展開と少し意外な犯人設定で楽しく読める。,EQMM 1961/9 No.63 西部小説特集(早川書房),早川書房,2020/02/21
1961,駅馬車(アーネスト・ヘイコックス),6.0:あの「駅馬車」の原作らしい。人物描写は巧みだが、ストーリーの面白みに欠ける。,EQMM 1961/9 No.63 西部小説特集(早川書房),早川書房,2020/02/21
1961,あの世から来た男(マッキンレイ・カンター),6.5:主人公の造形とラストは悪くない。,EQMM 1961/9 No.63 西部小説特集(早川書房),早川書房,2020/02/21
1961,お役所仕事というものは(ルービン・ジェニング・シェイ),6.5:保安官とのやり取りが笑わせる。特集に合う作品とは思えないけど。,EQMM 1961/9 No.63 西部小説特集(早川書房),早川書房,2020/02/21
1961,硝煙の町(フランク・グルーバー),6.5:まさに定型西部劇のような作品。対立する保安官と無法者、街を出るよう促す妻、そして池部良がやりそうな親友。,EQMM 1961/9 No.63 西部小説特集(早川書房),早川書房,2020/02/21
1961,死者には夢を(膳哲之助),7.0:佳作。皮肉なラストまで面白く読める。,EQMM 1961/9 No.63 西部小説特集(早川書房),早川書房,2020/02/21
1961,いまわしい思い出(ヘンリー・スレッサー),6.0:この作者にしては平凡な出来。,EQMM 1961/10 No.64 ユーモア小説特集(早川書房),早川書房,2020/03/09
1961,キチンときれいに(ジョージ・ハーモン・コックス),7.0:エレベータの中でタバコを吸うのが当たり前だった時代の話。強盗事件の犯人設定が面白く、後味もよい。,EQMM 1961/10 No.64 ユーモア小説特集(早川書房),早川書房,2020/03/09
1961,ロンドン・マンハント(マイケル・ギルバート),4.0:長いだけで退屈。,EQMM 1961/10 No.64 ユーモア小説特集(早川書房),早川書房,2020/03/09
1961,死んだ時間(マルセル・エイメ),5.0:一日毎に消えてしまう男の悲劇。よくわかりません。,EQMM 1961/10 No.64 ユーモア小説特集(早川書房),早川書房,2020/03/09
1961,誘導訊問(リチャード・ハル),5.0:言葉尻を捕まえただけ。,EQMM 1961/10 No.64 ユーモア小説特集(早川書房),早川書房,2020/03/09
1961,災難ブラッドリイの事件(クレイグ・ライス),7.5:少し無理のあるトリックだが読ませる。マローンが出てくるだけで面白い。,EQMM 1961/10 No.64 ユーモア小説特集(早川書房),早川書房,2020/03/09
1961,慧眼のウォーリイ(ポール・Ｗ・フェアマン),6.0:構成は面白いが、ラストのオチが今ひとつ。,EQMM 1961/10 No.64 ユーモア小説特集(早川書房),早川書房,2020/03/09
1961,棺(村みつる),6.5:語り口は悪くないが、結末をもう少しひねって欲しい。,EQMM 1961/10 No.64 ユーモア小説特集(早川書房),早川書房,2020/03/09
1961,階上の男(Ｐ・Ｇ・ウッドハウス),6.5:後味の良い話だが、今ひとつ盛り上がらない。,EQMM 1961/10 No.64 ユーモア小説特集(早川書房),早川書房,2020/03/09
1961,いちばん奥の部屋(ドン・ノールトン),5.0:つまらない話。,EQMM 1961/10 No.64 ユーモア小説特集(早川書房),早川書房,2020/03/09
1961,名ストリッパー物語(デイモン・ラニアン),6.5:ラニアンの語り口はいつも面白い。,EQMM 1961/10 No.64 ユーモア小説特集(早川書房),早川書房,2020/03/09
1961,偉大なるフランス式決闘(マーク・トウェイン),6.0:皮肉な結末は笑わせる。,EQMM 1961/10 No.64 ユーモア小説特集(早川書房),早川書房,2020/03/09
1961,九一三号室の謎 解決篇 殺人室(コーネル・ウールリッチ),6.5:「自殺が連続する部屋」という設定は面白いが、このトリックは無理でしょう。,EQMM 1961/10 No.64 ユーモア小説特集(早川書房),早川書房,2020/03/09
1961,空部屋(ジョン・ディクスン・カー),6.5:小品でいささか物足りなさを感じるが、ストーリー展開のうまさはさすが。,EQMM 1961/10 No.64 ユーモア小説特集(早川書房),早川書房,2020/03/09
1961,役者の血(ベン・ヘクト),6.5:死んだ女優とその真相に迫るかつては名優だった父。格調高い語り口で読ませるが、ミステリ的には見当がつく。,EQMM 1961/11 No.65(早川書房),早川書房,2020/03/17
1961,死人に口あり(ラウール・ホイットフィールド),5.0:何の意外性もない古臭いハードボイルド。,EQMM 1961/11 No.65(早川書房),早川書房,2020/03/17
1961,セイント・パトリック祭の朝早く(シャーロット・アームストロング),7.0:ちょっと無理な設定だが、一気に読ませる筆力がある。,EQMM 1961/11 No.65(早川書房),早川書房,2020/03/17
1961,生きたいと願う女(ブライス・ウォルトン),5.5:よくある設定だし、結末も平凡。,EQMM 1961/11 No.65(早川書房),早川書房,2020/03/17
1961,メッケネルの鬼(リック・ルービン),7.5:復讐手段が面白い。,EQMM 1961/11 No.65(早川書房),早川書房,2020/03/17
1961,共犯者(ヘンリー・スレッサー),7.0:この作家ならではの皮肉な結末。,EQMM 1961/11 No.65(早川書房),早川書房,2020/03/17
1961,おそろしい愛(フィリップ・マクドナルド),7.0:結末は見当がつくが面白く読ませる。,EQMM 1961/11 No.65(早川書房),早川書房,2020/03/17
1961,過ぎ去りし日々(フレッチャー・フローラ),5.0:ラストの展開が肩すかしでがっかり。,EQMM 1961/11 No.65(早川書房),早川書房,2020/03/17
1961,ルパンの発狂(トーマ・ナルスジャック),8.0:ルパンの初期短篇を思わせる展開で読ませる。意外性も悪くない。おまけに保篠龍緒調の総ルビ旧カナの訳という趣向も楽しい。,EQMM 1961/11 No.65(早川書房),早川書房,2020/03/17
1961,死は貨車に乗って(Ｅ・Ｓ・ガードナー),4.0:ガードナーの作品とは思えない。とんでもなくつまらない。,EQMM 1961/11 No.65(早川書房),早川書房,2020/03/17
1961,熱い湯(コーネル・ウールリッチ),6.5:この作者にしては珍しいアクション物。テンポ良く進む,EQMM 1961/12 No.66(早川書房),早川書房,2020/04/14
1961,シルビアはだれ?(スチュアート・パーマー),5.0:思わさぶりな展開だけで腰砕け。,EQMM 1961/12 No.66(早川書房),早川書房,2020/04/14
1961,事故への招待(ウェイド・ミラー),7.5:終盤の意外な展開が面白い。,EQMM 1961/12 No.66(早川書房),早川書房,2020/04/14
1961,刑事の休日(ヘレン・ニールスン),6.0:事件そのものは面白くないが、オチには苦笑する。,EQMM 1961/12 No.66(早川書房),早川書房,2020/04/14
1961,女と龍と(ピーター・ゴドフリー),5.0:正直言ってこのリドルストーリーもどきはわかりません。,EQMM 1961/12 No.66(早川書房),早川書房,2020/04/14
1961,おまわりとランプ(モーリス・プロクター),6.5:生真面目な作者には珍しいおとぎ話だが、ラストにもう一捻りお願いしたいところ。,EQMM 1961/12 No.66(早川書房),早川書房,2020/04/14
1961,浄い金(Ｅ・Ｓ・ガードナー),6.0:定型的な30年代ハードボイルド。,EQMM 1961/12 No.66(早川書房),早川書房,2020/04/14
1961,マローンと消えた凶器(クレイグ・ライス),5.0:短いストーリーなのに、登場人物が多すぎてまとまりが悪い。,EQMM 1961/12 No.66(早川書房),早川書房,2020/04/14
1961,殺し屋刑事(ジョージ・ハーモン・コックス),6.0:人情話としては悪くない。戦前の作品なのでいささか古いが。,EQMM 1961/12 No.66(早川書房),早川書房,2020/04/14
1961,いざなわれて(バリイ・ペロウン),7.0:ホッとするラストに救われる。,EQMM 1961/12 No.66(早川書房),早川書房,2020/04/14
1962,あらごと(Ｅ・Ｓ・ガードナー),5.0:30年台の古臭いハードボイルド。,EQMM 1962/1 No.67 新年号(早川書房),早川書房,2020/04/30
1962,カラハンの帽子(ノーマン・ダニエルズ),6.0:ちょっとした人情話。,EQMM 1962/1 No.67 新年号(早川書房),早川書房,2020/04/30
1962,暗殺宣言(ポール・アンダースン),4.0:未来を舞台にしたスパイ物。話の展開がもたついているうえ、プロパガンダ臭くてつまらない。,EQMM 1962/1 No.67 新年号(早川書房),早川書房,2020/04/30
1962,復讐(Ａ・Ｈ・Ｚ・カー),7.0:呪われた車を巡る怪談話。ラストは予想できるが考えられている。,EQMM 1962/1 No.67 新年号(早川書房),早川書房,2020/04/30
1962,幸福な短い人生(フレドリック・ブラウン),6.0:タイムマシン物。今ひとつピンとこない。,EQMM 1962/1 No.67 新年号(早川書房),早川書房,2020/04/30
1962,エド・マホニイの息子(トマス・ウォルシュ),7.5:こういう人情噺は悪くない。題名が効いている。,EQMM 1962/1 No.67 新年号(早川書房),早川書房,2020/04/30
1962,数枚の銀貨(ブレット・ハリディ),7.5:メキシコを舞台に、傲慢なアメリカ人の末路が達者な語り口で進められる。ニヤッとさせるラストも良い。,EQMM 1962/1 No.67 新年号(早川書房),早川書房,2020/04/30
1962,さよなら、ケネディ(ウイリアム・フェイ),6.5:ご都合主義の展開だが、読者を安心させる結末は悪くない。,EQMM 1962/1 No.67 新年号(早川書房),早川書房,2020/04/30
1962,ねじれたスカーフ(レックス・スタウト),7.0:ウルフ宅で開かれていた蘭展覧会での殺人。殺された女は先日起こった殺人事件の犯人が参加者の中にいるとアーチに言い残していた。謎はいつものようにたいしたことはないが、おなじみの登場人物で楽しく読める。,EQMM 1962/1 No.67 新年号(早川書房),早川書房,2020/04/30
1962,けちんぼの殺人(ロイ・ヴィカーズ),5.0:ただ淡々と事件が語られるだけで、なんの捻りもなく面白くない。,EQMM 1962/2 No.68(早川書房),早川書房,2020/05/06
1962,百万ドルの動機(ブレット・ハリデイ),6.0:題名が派手な割には平凡な話。,EQMM 1962/2 No.68(早川書房),早川書房,2020/05/06
1962,歌う帽子(コーネル・ウールリッチ),5.0:冒頭出てきた人物はあっさり殺されてしまうし、そこからの展開はご都合主義。,EQMM 1962/2 No.68(早川書房),早川書房,2020/05/06
1962,陪審戦術(マイケル・ギルバート),7.0:少し無理があるが法廷での展開が面白い。しかし、当時のイギリスでは、無意識で妻を絞殺した夫が無罪になるうえ、保険金まで受け取れたのだろうか。,EQMM 1962/2 No.68(早川書房),早川書房,2020/05/06
1962,十二羽の巨嘴鳥(チャールズ・グリーン),8.0:いつも楽しく読めるバーニー少年シリーズ。今回も期待を裏切らない。最終作らしいのが残念。,EQMM 1962/2 No.68(早川書房),早川書房,2020/05/06
1962,ブラック・アンド・ホワイト(Ｅ・Ｓ・ガードナー),6.5:すごく速い展開で進むので、ついていくのに一苦労だ。少し頭の弱い女を利用しながら行動する主人公はなかなかのツワモノだ。,EQMM 1962/2 No.68(早川書房),早川書房,2020/05/06
1962,新聞の力(マット・テイラー),7.0:殺人の目撃者が犯人に一杯食わせる方法が面白い。,EQMM 1962/2 No.68(早川書房),早川書房,2020/05/06
1962,エジプトからきた旅人(エイヴラム・デイヴィッドスン),2.0:何が書きたいのかわからん。つまらない話。,EQMM 1962/2 No.68(早川書房),早川書房,2020/05/06
1962,怯えたスター(ヒュー・ペンティコースト),7.5:人知れず故郷に戻ってきた女優にまつわる殺人事件。発端から引き込まれるし、後味も良い。,EQMM 1962/3 No.69(早川書房),早川書房,2020/05/18
1962,絶体絶命(マーク・トウェイン),6.5:とんでもないはめに陥った主人公のおかしさと、結末を読者に考えさせるというなかなかの趣向。,EQMM 1962/3 No.69(早川書房),早川書房,2020/05/18
1962,闇夜(メルヴィル・Ｄ・ポースト),7.0:アブナー伯父と男の緊張感あるやり取りが、時代背景と相まって読ませる。,EQMM 1962/3 No.69(早川書房),早川書房,2020/05/18
1962,ナポレオンに似た男(ロバート・ブロック),6.0:ナポレオンの生まれ変わりと信じている男の話。オチはワーテルローなのね。,EQMM 1962/3 No.69(早川書房),早川書房,2020/05/18
1962,危険な遊戯(エドウィン・カーター),4.0:オチがわからん。,EQMM 1962/3 No.69(早川書房),早川書房,2020/05/18
1962,鍵のない扉(ノーマン・ダニエルズ),7.0:記憶喪失の老人と親に見放された男の子、悪くない人情話。,EQMM 1962/3 No.69(早川書房),早川書房,2020/05/18
1962,あるく死体(Ｗ・Ｐ・マッギヴァーン),7.0:少し時代を感じさせる設定とプロットだが、読ませます。,EQMM 1962/3 No.69(早川書房),早川書房,2020/05/18
1962,海中の殺人(ゴードン・ギャスキル),6.0:期待していたギャスキルだが、今回の作品は出来が良くない。コルシカ島での宝探しという設定は面白くなりそうだったのに残念だ。,EQMM 1962/3 No.69(早川書房),早川書房,2020/05/18
1962,ニ本の脚で立て(Ｅ・Ｓ・ガードナー),4.0:ゴタゴタしていて全く面白くない。,EQMM 1962/3 No.69(早川書房),早川書房,2020/05/18
1962,九時から五時までの男(スタンリイ・エリン),7.0:これだけの題材で、一つのストーリーにまとめるのだから大したものだ。,EQMM 1962/4 No.70(早川書房),早川書房,2020/05/25
1962,自白(ヘレン・ニールスン),6.0:自動車事故の巻き込まれた少年の話。昔はこんなに酔っ払い運転が多かったのか。,EQMM 1962/4 No.70(早川書房),早川書房,2020/05/25
1962,虹をつかむ男(ジェームズ・サーバー),2.0:なんだ、この気違いのたわごとのような話は。,EQMM 1962/4 No.70(早川書房),早川書房,2020/05/25
1962,抜けめない奴(ブルーノ・フィッシャー),7.5:友人の妻を借金取りから救おうとした男の話。ちょっとした捻りのあるラストまで、うまくまとまっている。,EQMM 1962/4 No.70(早川書房),早川書房,2020/05/25
1962,ストリップ戦術(リチャード・Ｓ・プラザー),7.0:お調子者探偵シェル・スコット登場。ラストのストリップには大笑いさせてもらった。,EQMM 1962/4 No.70(早川書房),早川書房,2020/05/25
1962,暗黒の試練(Ｗ・Ｐ・マッギヴァーン),8.0:侵入者に対決する親子の家族愛と息子の行動力が良い。,EQMM 1962/4 No.70(早川書房),早川書房,2020/05/25
1962,ああ、兄貴(ダシール・ハメット),5.0:まとまりの悪いボクシング物。,EQMM 1962/4 No.70(早川書房),早川書房,2020/05/25
1962,地獄のふたを破れ(Ｅ・Ｓ・ガードナー),6.5:相変わらずの早い展開で読ませる。,EQMM 1962/4 No.70(早川書房),早川書房,2020/05/25
1962,太鼓のひびき(スティーブン・マーロウ),6.0:飛行機内の爆弾もどきを巡るショートストーリー。,EQMM 1962/4 No.70(早川書房),早川書房,2020/05/25
1962,見解(ハロルド・Ｒ・ダニエルズ),5.0:救いのないクライムストーリー。,EQMM 1962/4 No.70(早川書房),早川書房,2020/05/25
1962,バラと白骨(ガイ・カリンフォード),6.5:庭で白骨を発見した男の話。,EQMM 1962/4 No.70(早川書房),早川書房,2020/05/25
1962,罪ほろぼしの金(ニコラス・ブレイク),6.0:平凡な掌編だが、ほのぼのとした感じが良い。,EQMM 1962/5 No.71(早川書房),早川書房,2020/06/13
1962,さびしい医者(ハロルド・Ｑ・マスア),6.5:友人の医者がひき逃げされるのを目撃したスコット・ジョーダンが謎を解く。,EQMM 1962/5 No.71(早川書房),早川書房,2020/06/13
1962,若い娘たち(ジャック・ロンドン),7.0:厳寒のアラスカを舞台にした追跡劇。ミステリ的な要素はないが、作者の筆は迫力がある。,EQMM 1962/5 No.71(早川書房),早川書房,2020/06/13
1962,女が男を殺すとき(フレドリック・ブラウン),8.0:エド・ハンター物初の中編。妻に殺されると訴える男。その弟として乗り込むエドの活躍が楽しい。,EQMM 1962/5 No.71(早川書房),早川書房,2020/06/13
1962,渡り者(ロバート・ブロック),5.0:今ひとつピンとこないオチだ。,EQMM 1962/5 No.71(早川書房),早川書房,2020/06/13
1962,死ぬには若すぎる(フレデリック・ネベル),5.0:定型的で出来のあまり良くないB級ハードボイルド。,EQMM 1962/5 No.71(早川書房),早川書房,2020/06/13
1962,ウォーリイと同窓会(ポール・Ｗ・フェアマン),6.0:手紙のやり取りの展開は面白いが、ラストが今ひとつ。,EQMM 1962/5 No.71(早川書房),早川書房,2020/06/13
1962,女豹 最終回 サンセット77(ロイ・ハギンス),5.0:5、60年代定型ハードボイルドスタイルで話は進むが、盛り上がりに乏しく退屈する。（注１）,EQMM 1962/5 No.71(早川書房),早川書房,2020/06/13
1962,二人の作家(レイモンド・チャンドラー),4.0:正直言って、どこが面白いのかわからない。,EQMM 1962/6 No.72 特大号(早川書房),早川書房,2020/07/02
1962,不気味な小屋(ハロルド・Ｒ・ダニエルズ),7.5:死体の行方を巡る展開がサスペンスフルに描かれていて、読ませる。,EQMM 1962/6 No.72 特大号(早川書房),早川書房,2020/07/02
1962,腕くらべ(Ｏ・ヘンリー),2.0:なんの話なのか全く理解できない。,EQMM 1962/6 No.72 特大号(早川書房),早川書房,2020/07/02
1962,ざんねんでした(Ｄ・Ｍ・マンキウィッツ),6.5:博打に負け続けている男の逆転劇。語り口が楽しい。,EQMM 1962/6 No.72 特大号(早川書房),早川書房,2020/07/02
1962,ギデオンと放火魔(Ｊ・Ｊ・マリック),6.5:複数の事件が目まぐるしく展開される構成が、当時としては新しかったのだろう。しかし、今ではテレビドラマで、より視覚的に描かれるようになってしまった。,EQMM 1962/6 No.72 特大号(早川書房),早川書房,2020/07/02
1962,珍品(ヘンリー・スレッサー),6.0:今ひとつオチが決まらない。,EQMM 1962/6 No.72 特大号(早川書房),早川書房,2020/07/02
1962,酒にたたられた男(ベンジャミン・シーゲル),7.0:富豪の娘に惚れた男が殺人の罠にかかる。ちょっとした意外性もあって面白い。,EQMM 1962/6 No.72 特大号(早川書房),早川書房,2020/07/02
1962,札束恐怖症(コーネル・ウールリッチ),6.5:アレルギーで無罪を勝ち取る手法はなかなかユニーク。,EQMM 1962/6 No.72 特大号(早川書房),早川書房,2020/07/02
1962,目覚ましは3時に鳴る(トマス・ウォルシュ),6.5:少しギクシャクした構成だが、最後まで面白く読める。,EQMM 1962/6 No.72 特大号(早川書房),早川書房,2020/07/02
1962,ハワイには蛇はいない(ジャニータ・シェリダン),8.0:ハワイにやってきた画家夫婦の微妙な関係をサスペンスフルに描き、ラストまで読者を引っ張っていく手腕はなかなか見事だ。,EQMM 1962/6 No.72 特大号(早川書房),早川書房,2020/07/02
1962,一滴の血(コーネル・ウールリッチ),6.0:どこがコンテスト第一席なのだろう。平凡なクライムストーリーだ。,EQMM 1962/7 No.73(早川書房),早川書房,2020/07/12
1962,幽霊パトロール(シンクレア・ルイス),6.5:昔気質の警官の話。古い浪花節だが、悪くない。,EQMM 1962/7 No.73(早川書房),早川書房,2020/07/12
1962,ある日、広場で(ジュリアン・シモンズ),5.5:探偵と不可思議な女性依頼人と言った伝統的な設定だが、出来は平凡。,EQMM 1962/7 No.73(早川書房),早川書房,2020/07/12
1962,空家の殺人(トマス・Ｗ・ハンシュー),4.0:話が変に複雑でわけがわからない。,EQMM 1962/7 No.73(早川書房),早川書房,2020/07/12
1962,汚れている本(星新一),5.0:本を巡る思わせぶりな話。,EQMM 1962/7 No.73(早川書房),早川書房,2020/07/12
1962,黒猫が死んだ(エラリイ・クイーン),6.5:マーダーゲームでの殺人事件をエラリイが解く。特にサプライズはないが、悪くない出来。,EQMM 1962/7 No.73(早川書房),早川書房,2020/07/12
1962,落ちなかった小石(Ｄ・マックルアー),7.0:射撃名人のほら話。思わず笑わせてくれる。,EQMM 1962/7 No.73(早川書房),早川書房,2020/07/12
1962,名探偵アレクサンドル・デュマ(シオドー・マシスン),8.0:モンテ・クリスト伯にちなんだ仮装パーティでの殺人に、狂人の汚名と自らの容疑を晴らすべくデュマが立ち向かう。犯人の動機が今ひとつだが、ストーリー展開が面白い。,EQMM 1962/7 No.73(早川書房),早川書房,2020/07/12
1962,マダム・ロゼット(ロアルド・ダール),4.0:ダールとは思えないつまらない話。,EQMM 1962/7 No.73(早川書房),早川書房,2020/07/12
1962,逃げる女(Ｅ・Ｓ・ガードナー),5.0:筋がわかりにくい。電報のカタカナがそれに輪をかけていらつく。,EQMM 1962/8 No.74 7周年記念特大号(早川書房),早川書房,2020/07/29
1962,野心家刑事(ウイリアム・フェイ),8.0:町内に敵だらけの刑事が挑む殺人事件。ラストは少し出来すぎだが、意外な展開が面白い。,EQMM 1962/8 No.74 7周年記念特大号(早川書房),早川書房,2020/07/29
1962,最高の演技(ハロルド・Ｒ・ダニエルズ),7.0:偽の殺人予告で金をせしめてきた男が、最後に味わうオチが笑わせる。,EQMM 1962/8 No.74 7周年記念特大号(早川書房),早川書房,2020/07/29
1962,探偵商買ことはじめ(ニュートン・ニューカーク),6.0:ちょっとした小話。,EQMM 1962/8 No.74 7周年記念特大号(早川書房),早川書房,2020/07/29
1962,ど・れ・が・殺・し・た?(レックス・スタウト),6.5:依頼人の女性がオフィスで殺され、プライドを傷つけられたウルフは自前で捜査にあたる。例によってミステリとしてはたいしたことはないが、お馴染みの登場人物が楽しい。,EQMM 1962/8 No.74 7周年記念特大号(早川書房),早川書房,2020/07/29
1962,かなしい二人(結城昌治),7.0:少し微妙だが、予想外のオチが面白い。,EQMM 1962/8 No.74 7周年記念特大号(早川書房),早川書房,2020/07/29
1962,雪山の殺人(エド・マクベイン),7.5:雪山を舞台にした連続殺人。地元警察との軋轢などを絡めて、一気に読ませる。,EQMM 1962/8 No.74 7周年記念特大号(早川書房),早川書房,2020/07/29
1962,女が嘲笑うとき(シャーロット・アームストロング),5.0:嫌な女の話で後味も悪い。,EQMM 1962/9 No.75(早川書房),早川書房,2020/09/08
1962,ミルフォード市文化繁盛記(ジョン・ユージイン・ヘイスティ),3.0:何が書いてあるのか理解できない。,EQMM 1962/9 No.75(早川書房),早川書房,2020/09/08
1962,法のあり方(ドン・ノールトン),7.5:堅物の判事が思いもかけぬ冒険をするはめになる、後味も良く楽しい話。,EQMM 1962/9 No.75(早川書房),早川書房,2020/09/08
1962,眼には眼を(ハロルド・Ｒ・ダニエルズ),7.0:息子を見殺しにさせた男への復讐談。悪くない出来。,EQMM 1962/9 No.75(早川書房),早川書房,2020/09/08
1962,花嫁への贈りもの(ルーファス・キング),5.0:娘のために恐喝者の元夫を殺害した夫人の話。面白くない。,EQMM 1962/9 No.75(早川書房),早川書房,2020/09/08
1962,断食錠(佐野洋),5.0:オチがつまらない。,EQMM 1962/9 No.75(早川書房),早川書房,2020/09/08
1962,マルドーン巡査の退職(ノーマン・ダニエルズ),7.5:退職を迫られている老警官にまつわる心温まる人情話。,EQMM 1962/9 No.75(早川書房),早川書房,2020/09/08
1962,霧と断崖(リック・ルービン),4.0:車強奪一家の中で育った少年は良心に目覚める。暗くてぱっとしない話である。,EQMM 1962/9 No.75(早川書房),早川書房,2020/09/08
1962,日曜釣友クラブ(ヴィクター・カニング),5.5:若手捜査員が洗い出した妙な連続殺人。,EQMM 1962/9 No.75(早川書房),早川書房,2020/09/08
1962,ラホーア兵営事件(エイヴラム・デイヴィッドスン),6.5:何が謎なのか筋が取りづらい話なのだが、ラストでうまくまとめている。,EQMM 1962/10 No.76 ボクシング小説特集(早川書房),早川書房,2020/09/27
1962,もの云う仔牛(ヒュー・ペンティコースト),7.0:家畜の競売場で起きた殺人をめぐる人物像が面白い。後味良くまとめる手腕はさすがだ。,EQMM 1962/10 No.76 ボクシング小説特集(早川書房),早川書房,2020/09/27
1962,密告謝礼(ハロルド・Ｑ・マスア),6.5:財産と妻を奪った弁護士は、復讐に燃える男を返り討ちにするが、皮肉な結末が待っていた。,EQMM 1962/10 No.76 ボクシング小説特集(早川書房),早川書房,2020/09/27
1962,絹糸編みのスカーフ(ロイ・ヴィカーズ),5.0:単なる言質を取っただけで決め手に欠ける。しかも暗い話でうんざり。,EQMM 1962/10 No.76 ボクシング小説特集(早川書房),早川書房,2020/09/27
1962,昔むかしの少しあと(都筑道夫),7.5:カチカチ山殺人事件か。笑えます。,EQMM 1962/10 No.76 ボクシング小説特集(早川書房),早川書房,2020/09/27
1962,懸賞試合(ジャック・ロンドン),3.0:正直言って、何を書きたいのか理解できない。,EQMM 1962/10 No.76 ボクシング小説特集(早川書房),早川書房,2020/09/27
1962,プロ・ボクサーの死(ロバート・シュワイツァー),6.0:ボクシングビジネスの非情さをうまく描いているが、ラストに何のひねりもないのは残念。,EQMM 1962/10 No.76 ボクシング小説特集(早川書房),早川書房,2020/09/27
1962,カンザス・シティに帰る(アーウィン・ショウ),4.0:わがままな妻に翻弄されるボクサーの話で、単に不快なだけだ。,EQMM 1962/10 No.76 ボクシング小説特集(早川書房),早川書房,2020/09/27
1962,やっぱり血すじは争えない(デイモン・ラニアン),7.5:さすがにラニアン。最後のオチまで楽しく読める。,EQMM 1962/10 No.76 ボクシング小説特集(早川書房),早川書房,2020/09/27
1962,青いリボン(ウイリアム・アイリッシュ),7.0:転落したボクサーの復活話。予想通りの展開だが悪くない,EQMM 1962/10 No.76 ボクシング小説特集(早川書房),早川書房,2020/09/27
1962,運は異なもの(ビリイ・ローズ),6.5:ちょっとした趣向が面白いショートショート。,EQMM 1962/10 No.76 ボクシング小説特集(早川書房),早川書房,2020/09/27
1962,J(エド・マクベイン),6.5:ユダヤ教の牧師殺しの話だが、異教徒にはわからない動機だ。,EQMM 1962/11 No.77 TVミステリ特集(早川書房),早川書房,2020/10/21
1962,スター誕生(ヴィクター・カニング),7.0:気の利いた結末が面白い。,EQMM 1962/11 No.77 TVミステリ特集(早川書房),早川書房,2020/10/21
1962,誰も信じてくれない(ウイリアム・Ｅ・バレット),5.0:妙な物質を発見した化学者の話だが、ラストにひねりもなく陳腐な出来に終わったのが惜しい。,EQMM 1962/11 No.77 TVミステリ特集(早川書房),早川書房,2020/10/21
1962,奇妙な夜勤で(ナイジェル・モーランド),7.0:出世とは縁のない老警官が殺人の謎を解く。悪くない展開でオチも面白い。,EQMM 1962/11 No.77 TVミステリ特集(早川書房),早川書房,2020/10/21
1962,ざんげ室にて(アリス・スキャンラン・リーチ),6.0:意外性を狙ったのだろうが、今ひとつ決まらなかった。,EQMM 1962/11 No.77 TVミステリ特集(早川書房),早川書房,2020/10/21
1962,飛行船(樹下太郎),6.0:ちょっとしたファンタシーか。,EQMM 1962/11 No.77 TVミステリ特集(早川書房),早川書房,2020/10/21
1962,死人の日記(ブレット・ハリディ),7.5:一気に読ませる展開と意外性のあるラスト。さすが職人ハリデイである。,EQMM 1962/11 No.77 TVミステリ特集(早川書房),早川書房,2020/10/21
1962,探偵ごっこ(シャーロット・アームストロング),6.5:隣家に押し入った脱獄犯を推理作家が現場の証拠から推理するが．．くすくす笑える話。,EQMM 1962/12 No.78 女流作家特集(早川書房),早川書房,2020/11/07
1962,望みのない事件(ヘレン・ニールスン),5.0:展開がゴタゴタしていて、話がうまくつかめない。,EQMM 1962/12 No.78 女流作家特集(早川書房),早川書房,2020/11/07
1962,決してつかまらない(マージェリー・アリンガム),6.0:妻殺しを企む薬剤師がしっぺ返しを食らう。ひねりのないクライム・ストーリーで物足りない。,EQMM 1962/12 No.78 女流作家特集(早川書房),早川書房,2020/11/07
1962,ふたつの影(ヘレン・マクロイ),7.5:ゴシックロマン風の展開で読ませるが、人物像の書き込みが不十分なのが残念。,EQMM 1962/12 No.78 女流作家特集(早川書房),早川書房,2020/11/07
1962,人は人情によって死ぬ(光瀬龍),4.0:救いのないつまらない話。,EQMM 1962/12 No.78 女流作家特集(早川書房),早川書房,2020/11/07
1962,大きな期待(トマス・ウォルシュ),6.5:保険金搾取に巻き込まれた男を追う警察。ありふれた設定だが、それなりに読ませるのはさすがだ。,EQMM 1962/12 No.78 女流作家特集(早川書房),早川書房,2020/11/07
1962,青い殺人(ラウール・ホイットフィールド),5.0:いささか古臭い定型B級ハードボイルド。,EQMM 1962/12 No.78 女流作家特集(早川書房),早川書房,2020/11/07
1962,三銃士(ヴィクター・カニング),5.0:少しわかりにくい筋書きでスッキリしない。,EQMM 1962/12 No.78 女流作家特集(早川書房),早川書房,2020/11/07
1962,真夜中の絞首刑(マイクル・フェッシャー),7.0:無罪を信じる所長は、死刑執行を止めようと必死に行動する。いささか決め手が弱いが面白く読める。,EQMM 1962/12 No.78 女流作家特集(早川書房),早川書房,2020/11/07
1962,トラブルはわが影法師 第4部 旅路の果て(ロス・マクドナルド),6.5:少し陳腐なスパイ物で、中盤もいささか退屈だが、ラストの意外性に救われた。,EQMM 1962/12 No.78 女流作家特集(早川書房),早川書房,2020/11/07
1959,或るフェミニストの話(佐藤春夫),4.0:語り口は悪くないが、終わりが締まらない。大家にとりあえず書いてもらったということか。,EQMM 1959/10 No.1 別冊クイーンマガジン1959/Fall(早川書房),早川書房,2020/11/23
1959,女か西瓜か(加田伶太郎),5.0:リドルストーリーだが、「女か虎か」のように考えさせる要素に乏しい。,EQMM 1959/10 No.1 別冊クイーンマガジン1959/Fall(早川書房),早川書房,2020/11/23
1959,穴(開高健),7.0:イワナの穴場で出会った釣人二人。中盤までは緊張感があって面白いのに、ラストにひねりがないのが残念。ダールだったら、どんな結末をつけただろうか。,EQMM 1959/10 No.1 別冊クイーンマガジン1959/Fall(早川書房),早川書房,2020/11/23
1959,天上縊死(結城昌治),6.5:首吊りの会という設定は面白いが、結末がいささか冴えない。,EQMM 1959/10 No.1 別冊クイーンマガジン1959/Fall(早川書房),早川書房,2020/11/23
1959,殉職(高橋泰邦),7.0:海難事故の予備審問がうまく描かれている。意外性の設定には少し無理があるが、志は良し。,EQMM 1959/10 No.1 別冊クイーンマガジン1959/Fall(早川書房),早川書房,2020/11/23
1959,海は眠らない(田中小実昌),6.5:調子良く進むストーリーだが、過去との関連がうまくない。,EQMM 1959/10 No.1 別冊クイーンマガジン1959/Fall(早川書房),早川書房,2020/11/23
1959,腹を立てたクズ屋(Ｅ・Ｓ・ガードナー),7.0:やはりガードナーはモノが違う。謎そのものは大したことはないが、法廷を舞台にしたストーリー展開がうまい。,EQMM 1959/10 No.1 別冊クイーンマガジン1959/Fall(早川書房),早川書房,2020/11/23
1959,無法地帯(フランシス・アイルズ),4.0:全くつまらないクライムストーリー,EQMM 1959/10 No.1 別冊クイーンマガジン1959/Fall(早川書房),早川書房,2020/11/23
1959,巻頭小説(コーネル・ウールリッチ),7.0:雑誌巻頭物を書く機会に勇んだ作家は、ホテルに泊まり込み著作に励むが．．．ラストは笑わせる。,EQMM 1959/10 No.1 別冊クイーンマガジン1959/Fall(早川書房),早川書房,2020/11/23
1959,ライツヴィルの遺産(エラリイ・クイーン),8.0:緊張感のある展開が素晴らしい。動機も説得力のある秀作だ。,EQMM 1959/10 No.1 別冊クイーンマガジン1959/Fall(早川書房),早川書房,2020/11/23
1959,鉄道公安官(島田一男),7.5:さすがに巧者、話の進め方がうまい。当時の鉄道の状況もファンには楽しい。,EQMM 1959/10 No.1 別冊クイーンマガジン1959/Fall(早川書房),早川書房,2020/11/23
1960,長い長いトンネル(飯沢匡),5.0:いつまだ経っても抜けられないトンネルという題材は面白いのに、オチがついていない。,EQMM 1960/1 No.2 別冊クイーンズマガジン 1960/Winter(早川書房),早川書房,2020/12/24
1960,サンタクロースの贈物(加田伶太郎),5.0:ラストの暗示が今ひとつ明確になっていない。,EQMM 1960/1 No.2 別冊クイーンズマガジン 1960/Winter(早川書房),早川書房,2020/12/24
1960,背教者レアン(田岡典夫),5.0:背教者の話だが、その動機がありふれていてつまらない。,EQMM 1960/1 No.2 別冊クイーンズマガジン 1960/Winter(早川書房),早川書房,2020/12/24
1960,“中村一郎”の話(十返肇),4.0:同姓同名に殺意を抱くという設定だが、あまり面白くないし、何のオチもない。,EQMM 1960/1 No.2 別冊クイーンズマガジン 1960/Winter(早川書房),早川書房,2020/12/24
1960,サイコロ(三浦朱門),5.5:殺人計画が無駄になってしまう話だが、これも今ひとつ。,EQMM 1960/1 No.2 別冊クイーンズマガジン 1960/Winter(早川書房),早川書房,2020/12/24
1960,蝶(多岐川恭),7.0:母の死を疑う少女と、蝶のイメージがうまくミックスされている。,EQMM 1960/1 No.2 別冊クイーンズマガジン 1960/Winter(早川書房),早川書房,2020/12/24
1960,眠り草は何を見る(日影丈吉),6.5:謎の死体は機械による殺人のようだが．．ラストは予想できてしまう。,EQMM 1960/1 No.2 別冊クイーンズマガジン 1960/Winter(早川書房),早川書房,2020/12/24
1960,F氏の時計(佐野洋),5.0:奇妙なF氏の話だが、このオチではどうしようもない。,EQMM 1960/1 No.2 別冊クイーンズマガジン 1960/Winter(早川書房),早川書房,2020/12/24
1960,誤差一分(高橋泰邦),7.0:作者得意の海洋物。確執を含む人間関係と嵐の中の展開が良く出来ている。,EQMM 1960/1 No.2 別冊クイーンズマガジン 1960/Winter(早川書房),早川書房,2020/12/24
1960,犯人はいつも被害者だ(田中小実昌),5.0:軽快な語り口だけが取り柄。,EQMM 1960/1 No.2 別冊クイーンズマガジン 1960/Winter(早川書房),早川書房,2020/12/24
1960,長すぎたお預け(結城昌治),7.0:盗賊の仲間割れの顛末だが、それぞれの視点からの記述が面白い。,EQMM 1960/1 No.2 別冊クイーンズマガジン 1960/Winter(早川書房),早川書房,2020/12/24
1960,完全殺人(ジョン・コリア),7.5:チョコレートによる夫人毒殺事件と思われたが、その手段におもわず笑ってしまう。さすがである。,EQMM 1960/1 No.2 別冊クイーンズマガジン 1960/Winter(早川書房),早川書房,2020/12/24
1960,トレイラーの怪事件(アブラハム・リンカーン),5.0:あのリンカーンが書いたと言うシロモノだが、ミステリと言うより弁護士の立場から冤罪に対する啓蒙を図ったといったところでしょう。,EQMM 1960/1 No.2 別冊クイーンズマガジン 1960/Winter(早川書房),早川書房,2020/12/24
1960,環状墜道(島田一男),7.0:今回も快調な公安官物。とにかく楽しく読めます。,EQMM 1960/1 No.2 別冊クイーンズマガジン 1960/Winter(早川書房),早川書房,2020/12/24
1960,“奴等”(城山三郎),5.0:緊張感ある発端なのに、そこから尻すぼみでおしまい。,EQMM 1960/4 No.3 別冊クイーンズマガジン 1960/Spring(早川書房),早川書房,2021/01/19
1960,きみも気をつけたまえ(菊村到),4.0:よくある妻と愛人の共犯話。,EQMM 1960/4 No.3 別冊クイーンズマガジン 1960/Spring(早川書房),早川書房,2021/01/19
1960,おとなしい妻(多岐川恭),4.0:これも生臭い話で好感が持てない。ここまでつまらない話ばかり。うんざりだ。,EQMM 1960/4 No.3 別冊クイーンズマガジン 1960/Spring(早川書房),早川書房,2021/01/19
1960,女はなんのために死ぬか?(曽野綾子),4.0:虚栄心に固まった女の話で、これまたつまらない。,EQMM 1960/4 No.3 別冊クイーンズマガジン 1960/Spring(早川書房),早川書房,2021/01/19
1960,銹びた恋(新章文子),5.0:これも暗い話で、救いがないのが嫌になる。,EQMM 1960/4 No.3 別冊クイーンズマガジン 1960/Spring(早川書房),早川書房,2021/01/19
1960,薄明の時(早坂久子),2.0:何が書きたいのだ。我慢も限界に近づいたぞ。,EQMM 1960/4 No.3 別冊クイーンズマガジン 1960/Spring(早川書房),早川書房,2021/01/19
1960,黒い霧を撒くのは誰(加藤てい子),3.0:ノイローゼの男の幻想か。これもつまらない。,EQMM 1960/4 No.3 別冊クイーンズマガジン 1960/Spring(早川書房),早川書房,2021/01/19
1960,ある殺意(由起しげ子),3.0:陽気な語り口だけが取り柄。,EQMM 1960/4 No.3 別冊クイーンズマガジン 1960/Spring(早川書房),早川書房,2021/01/19
1960,その名は言えなかった(結城昌治),6.0:多情と思われた女の殺人事件。証拠が曖昧で今ひとつ冴えない。,EQMM 1960/4 No.3 別冊クイーンズマガジン 1960/Spring(早川書房),早川書房,2021/01/19
1960,耳(水上勉),4.0:話として完結していない。作者には『耳』という長編があるがその序章なのか？,EQMM 1960/4 No.3 別冊クイーンズマガジン 1960/Spring(早川書房),早川書房,2021/01/19
1960,マラッカ海峡(高橋泰邦),6.0:毎回読ませる海洋物だが、今回は結末がいささか雑すぎる。,EQMM 1960/4 No.3 別冊クイーンズマガジン 1960/Spring(早川書房),早川書房,2021/01/19
1960,通票閉塞区間(島田一男),7.0:快調に進む鉄道公安官物三作目。取ってつけたような解決だが、何はともあれ面白く読める。まわりのレベルがレベルなので、光って見えます。,EQMM 1960/4 No.3 別冊クイーンズマガジン 1960/Spring(早川書房),早川書房,2021/01/19
1960,おれは月の出を見た(田岡典夫),3.0:こんな作品を載せてどうする。,EQMM 1960/7 No.4 別冊クイーンズマガジン 1960/Summer(早川書房),早川書房,2021/03/06
1960,単位の喪失(日影丈吉),7.5:迷い込んできた犬と、郵便強盗の話がうまくマッチして、面白い出来になっている。,EQMM 1960/7 No.4 別冊クイーンズマガジン 1960/Summer(早川書房),早川書房,2021/03/06
1960,殺してやりたい(笹沢左保),7.0:失恋した女はタクシーの落とし物に書かれていたメッセージを気まぐれに追う。さすがに展開がうまい。,EQMM 1960/7 No.4 別冊クイーンズマガジン 1960/Summer(早川書房),早川書房,2021/03/06
1960,渦の記憶(白井竜三),6.5:脳医学をベースにした作品。ラストはそれなりに理解できるが、あまり効果的ではない。,EQMM 1960/7 No.4 別冊クイーンズマガジン 1960/Summer(早川書房),早川書房,2021/03/06
1960,船(寺崎浩),2.0:思わせぶりだけで、全くつまらないスパイ物。それなりに長いし最悪だ。,EQMM 1960/7 No.4 別冊クイーンズマガジン 1960/Summer(早川書房),早川書房,2021/03/06
1960,犬の幽霊(富島健夫),6.0:貧乏くさくて暗い話だが、最後のひねりだけは悪くない。,EQMM 1960/7 No.4 別冊クイーンズマガジン 1960/Summer(早川書房),早川書房,2021/03/06
1960,無能な犬(樹下太郎),5.0:同期の課長への殺意はつまらない誤解だったという話。,EQMM 1960/7 No.4 別冊クイーンズマガジン 1960/Summer(早川書房),早川書房,2021/03/06
1960,川(川上宗薫),4.0:これもぱっとしない話。,EQMM 1960/7 No.4 別冊クイーンズマガジン 1960/Summer(早川書房),早川書房,2021/03/06
1960,たたけよさらば(田中小実昌),6.0:自分を殺した犯人を見つけるという趣向は面白いが、謎そのものがなく、単なる風俗ものだ。,EQMM 1960/7 No.4 別冊クイーンズマガジン 1960/Summer(早川書房),早川書房,2021/03/06
1960,大暗礁(高橋泰邦),7.0:開運事故に乗じて出世欲を満たそうという男の陰謀と、救出に当たる男の正義感が良い。専門知識に裏打ちされた迫力ある描写もなかなかのもの。,EQMM 1960/7 No.4 別冊クイーンズマガジン 1960/Summer(早川書房),早川書房,2021/03/06
