ハードオフ店舗情報(東京都),name,address,練馬区,板橋区,千代田区,品川区,武蔵野市,台東区,杉並区,世田谷区,多摩市,江戸川区,八王子市,立川市,東大和市,三鷹市,羽村市,小金井市,東村山市,小平市,稲城市,あきる野市,町田市,東久留米市,足立区,青梅市,江東区
練馬区,ハードオフ大泉学園店,東京都練馬区大泉町6-2-5,TEL: 03-5933-3294,駐車場：50台
板橋区,ハードオフ板橋赤塚店,東京都板橋区赤塚6-36-16,TEL: 03-3977-7440,駐車場：20台
千代田区,ハードオフ秋葉原1号店,東京都千代田区外神田3-11-2ロックビル2F・3F・Ｂ1Ｆ,TEL: 03-6206-4861,駐車場：なし
品川区,ハードオフ武蔵小山パルム店,東京都品川区荏原3-7-2ＷＴＣ武蔵小山マンション102号,TEL: 03-6421-5623,駐車場：なし
武蔵野市,ハードオフ楽器STUDIO吉祥寺店,東京都武蔵野市吉祥寺東町1-4-27アソルティ吉祥寺エスト２Ｆ,TEL: 0422-27-6892,駐車場：なし
武蔵野市,ハードオフオーディオサロン吉祥寺店,東京都武蔵野市吉祥寺東町1-4-27アソルティ吉祥寺エスト３Ｆ,TEL: 0422-27-6891,駐車場：なし
武蔵野市,ハードオフTOKYOラボ吉祥寺店,東京都武蔵野市吉祥寺東町1-4-27アソルティ吉祥寺エスト1F,TEL: 0422-27-6890,駐車場：なし
台東区,ハードオフ上野御徒町店,東京都台東区上野4-6-6,TEL: 03-5846-8494,駐車場：なし
杉並区,ハードオフ高円寺純情商店街店,東京都杉並区高円寺北2-7-6,TEL: 03-6265-5969,駐車場：なし
練馬区,オフハウス大泉学園店,東京都練馬区大泉町6-2-5,TEL: 03-5933-3351,駐車場：50台
武蔵野市,モードオフ吉祥寺店,東京都武蔵野市吉祥寺東町1-4-26,TEL: 0422-23-6626,駐車場：なし
世田谷区,モードオフ桜新町サザエさん通り店,東京都世田谷区桜新町1-15-19,TEL: 03-6413-5961,駐車場：なし　(お店に電話でお問い合せください。)
杉並区,モードオフ高円寺純情商店街店,東京都杉並区高円寺北2-7-6,TEL: 03-5356-7861,駐車場：なし
世田谷区,モードオフ下北沢店,東京都世田谷区北沢2-26-14下北沢グリーンガーデン,TEL: 03-5738-7140,駐車場：なし
多摩市,モードオフグリナード永山店,東京都多摩市永山1-4グリナード永山1号館3階,TEL: 042-319-3892,駐車場：680台
品川区,モードオフ武蔵小山パルム店,東京都品川区小山3-21-14,TEL: 03-6451-3830,駐車場：なし
千代田区,モードオフ秋葉原店,東京都千代田区外神田3-8-1YSビル,TEL: 03-6260-9267,駐車場：なし
台東区,モードオフ上野御徒町店,東京都台東区上野4-2-3,TEL: 03-5807-7330,駐車場：なし
板橋区,モードオフ成増駅南口店,東京都板橋区成増2-16-10,TEL: 03-3975-3600,駐車場：なし
江戸川区,モードオフ小岩フラワーロード商店街店,東京都江戸川区南小岩7-22-6,TEL: 03-5612-0892,駐車場：なし
品川区,モードオフ戸越銀座店,東京都品川区平塚1-5-9,TEL: 03-6426-2415,駐車場：なし
杉並区,リカーオフ高円寺純情商店街店,東京都杉並区高円寺北2-7-6高円寺名店ビル１Ｆ,TEL: 03-5356-8951,駐車場：なし
品川区,リカーオフ武蔵小山パルム店,東京都品川区荏原3丁目3-20,TEL: 03-6426-6753,駐車場：なし
武蔵野市,リカーオフ吉祥寺店,東京都武蔵野市吉祥寺東町1-6-27吉祥寺Ｇビル1Ｆ-Ｃ号,TEL: 0422-27-6451,駐車場：近隣にタイムズあります
八王子市,リカーオフ八王子大和田店,東京都八王子市大和田町5-1-21,TEL: 042-649-8656,駐車場：302台
品川区,ホビーオフ武蔵小山パルム店,東京都品川区荏原3-4-13,TEL: 03-6426-7545,駐車場：なし
台東区,ホビーオフ上野御徒町店,東京都台東区上野4-6-6,TEL: 03-5846-8495,駐車場：なし
千代田区,ホビーオフ秋葉原店,東京都千代田区外神田3丁目8番1,TEL: 03-6260-9268,駐車場：0
八王子市,ハードオフ八王子大和田店,東京都八王子市大和田町5-1-21,TEL: 0426-44-2788,駐車場：302台
八王子市,ハードオフ八王子堀之内店,東京都八王子市堀之内3-3-11,TEL: 0426-75-9495,駐車場：20台
立川市,ハードオフ立川西砂店,東京都立川市西砂町2-55-1,TEL: 042-569-0322,駐車場：62台
八王子市,ハードオフ八王子めじろ台店,東京都八王子市椚田町595-3,TEL: 0426-61-0303,駐車場：10台
東大和市,ハードオフ東大和店,東京都東大和市仲原4-6-5,TEL: 042-566-8788,駐車場：90台
三鷹市,ハードオフ三鷹店,東京都三鷹市野崎4-7-1,TEL: 0422-39-3201,駐車場：100台
羽村市,ハードオフ羽村店,東京都羽村市栄町2-13-3,TEL: 042-555-9833,駐車場：115台
小金井市,ハードオフ小金井店,東京都小金井市前原町5-3-15,TEL: 042-316-3700,駐車場：47台
八王子市,ハードオフ八王子みなみ野店,東京都八王子市みなみ野1丁目8-1,TEL: 042-683-0531,駐車場：550台
東村山市,ハードオフ東村山店,東京都東村山市恩多町3丁目29-1イーストビレッジC棟,TEL: 042-306-2711,駐車場：23台
立川市,ハードオフ立川栄店,東京都立川市栄町2-47-9,TEL: 042-534-7757,駐車場：50台
小平市,ハードオフ花小金井店,東京都小平市花小金井5-58-16,TEL: 042-450-6580,駐車場：39台
稲城市,ハードオフ稲城矢野口店,東京都稲城市矢野口806-1,TEL: 042-401-5505,駐車場：21台
多摩市,ハードオフ多摩和田店,東京都多摩市和田1434-1,TEL: 042-316-9871,駐車場：51台
あきる野市,ハードオフあきる野店,東京都あきる野市秋川6丁目7-9,TEL: 042-518-7700,駐車場：23台
町田市,ハードオフ町田木曽店,東京都町田市木曽西4-7-7,TEL: 042-794-4150,駐車場：40台
東久留米市,ハードオフ東久留米店,東京都東久留米市本町3-9-15,TEL: 042-420-4573,駐車場：17台
小平市,ハードオフ小平上水店,東京都小平市上水本町3-5-3,TEL: 042-312-4620,駐車場：50
江戸川区,ブックオフ江戸川東小岩店,東京都江戸川区東小岩4-1-7,TEL: 03-5622-0411,駐車場：20台
立川市,オフハウス立川西砂店,東京都立川市西砂町2-55-1,TEL: 042-569-2888,駐車場：62台
八王子市,オフハウス八王子大和田店,東京都八王子市大和田町5-1-21,TEL: 0426-48-6811,駐車場：302台
東大和市,オフハウス東大和店,東京都東大和市仲原4-6-5,TEL: 042-566-8789,駐車場：90台
八王子市,オフハウス八王子楢原店,東京都八王子市楢原町1818-15コピオ楢原内,TEL: 042-628-7313,駐車場：600台
羽村市,オフハウス羽村店,東京都羽村市栄町2-13-3,TEL: 042-570-0023,駐車場：115台
三鷹市,オフハウス三鷹店,東京都三鷹市野崎4-7-1,TEL: 0422-39-3202,駐車場：100台
立川市,オフハウス立川栄店,東京都立川市栄町2-47-9,TEL: 042-505-8088,駐車場：50台
あきる野市,オフハウスあきる野店,東京都あきる野市秋川2-18-6,TEL: 042-843-6011,駐車場：50台
足立区,オフハウス足立南花畑店,東京都足立区南花畑4-19-6,TEL: 03-5851-9401,駐車場：16台
小金井市,オフハウス小金井店,東京都小金井市前原町5-3-15,TEL: 042-316-3701,駐車場：47台
小平市,オフハウス花小金井店,東京都小平市花小金井5-58-16,TEL: 042-452-5641,駐車場：39台
青梅市,オフハウス青梅新町店,東京都青梅市新町3-15-3,TEL: 0428-78-0070,駐車場：50台
多摩市,オフハウス多摩和田店,東京都多摩市和田1434-1,TEL: 042-316-9872,駐車場：51台
東久留米市,オフハウス東久留米店,東京都東久留米市本町3-9-15,TEL: 042-420-4573,駐車場：17台
小平市,オフハウス小平上水店,東京都小平市上水本町3-5-3,TEL: 042-312-4622,駐車場：50
八王子市,モードオフ八王子大和田店,東京都八王子市大和田町5-1-21,TEL: 042-645-2525,駐車場：302台
八王子市,モードオフ八王子コピオ北野店,東京都八王子市北野町545-3,TEL: 042-644-5574,駐車場：150台(1000円以上のお買い物で2時間無料）
足立区,モードオフ西新井店,東京都足立区梅島3丁目31番12号,TEL: 03-5845-0211,駐車場：なし
八王子市,ガレージオフ八王子堀之内店,東京都八王子市堀之内2-10-6,TEL: 0426-75-8841,駐車場：14台
八王子市,ホビーオフ八王子大和田店,東京都八王子市大和田町5-1-21,TEL: 0426-44-9900,駐車場：302台
立川市,ホビーオフ立川西砂店,東京都立川市西砂町2-55-1,TEL: 042-520-2425,駐車場：62台
東大和市,ホビーオフ東大和店,東京都東大和市仲原4-6-5,TEL: 042-566-8141,駐車場：30台
足立区,ホビーオフ足立南花畑店,東京都足立区南花畑4-19-6,TEL: 03-5851-9402,駐車場：16台
羽村市,ホビーオフ羽村店,東京都羽村市神明台1-3-8,TEL: 042-578-9920,駐車場：10台
八王子市,ホビーオフ八王子みなみ野店,東京都八王子市みなみ野1丁目8-1,TEL: 042-683-0532,駐車場：550台
東村山市,ホビーオフ東村山店,東京都東村山市恩多町3丁目29-1イーストビレッジC棟,TEL: 042-306-2712,駐車場：23台
小平市,ホビーオフ花小金井店,東京都小平市花小金井5-58-16,TEL: 042-452-5643,駐車場：39台
稲城市,ホビーオフ稲城矢野口店,東京都稲城市矢野口806-1,TEL: 042-401-5506,駐車場：21台
多摩市,ホビーオフ多摩和田店,東京都多摩市和田1434-1,TEL: 042-316-9873,駐車場：51台
江東区,ホビーオフ亀戸天神前店,東京都江東区亀戸3-61-23,TEL: 03-5875-1496,駐車場：0
町田市,ホビーオフ町田木曽店,東京都町田市木曽西4-7-7,TEL: 042-851-9631,駐車場：40台
足立区,ホビーオフ北千住店,東京都足立区千住1丁目23-16,TEL: 03-5284-9920,駐車場：なし
東久留米市,ホビーオフ東久留米店,東京都東久留米市本町3-9-15,TEL: 042-420-4573,駐車場：17台
小平市,ホビーオフ小平上水店,東京都小平市上水本町3-5-3,TEL: 042-312-4627,駐車場：0
千代田区,ハードオフ秋葉原2号店,東京都千代田区外神田3丁目8-1,TEL: 03-6260-9267,駐車場：なし
